Timestamp,gpu,socket_power,gfx_voltage,soc_voltage,mem_voltage,throttle_status,power_management,gfx_0_clk,gfx_0_min_clk,gfx_0_max_clk,gfx_0_clk_locked,gfx_0_deep_sleep,gfx_1_clk,gfx_1_min_clk,gfx_1_max_clk,gfx_1_clk_locked,gfx_1_deep_sleep,gfx_2_clk,gfx_2_min_clk,gfx_2_max_clk,gfx_2_clk_locked,gfx_2_deep_sleep,gfx_3_clk,gfx_3_min_clk,gfx_3_max_clk,gfx_3_clk_locked,gfx_3_deep_sleep,gfx_4_clk,gfx_4_min_clk,gfx_4_max_clk,gfx_4_clk_locked,gfx_4_deep_sleep,gfx_5_clk,gfx_5_min_clk,gfx_5_max_clk,gfx_5_clk_locked,gfx_5_deep_sleep,gfx_6_clk,gfx_6_min_clk,gfx_6_max_clk,gfx_6_clk_locked,gfx_6_deep_sleep,gfx_7_clk,gfx_7_min_clk,gfx_7_max_clk,gfx_7_clk_locked,gfx_7_deep_sleep,mem_0_clk,mem_0_min_clk,mem_0_max_clk,mem_0_clk_locked,mem_0_deep_sleep,vclk_0_clk,vclk_0_min_clk,vclk_0_max_clk,vclk_0_clk_locked,vclk_0_deep_sleep,vclk_1_clk,vclk_1_min_clk,vclk_1_max_clk,vclk_1_clk_locked,vclk_1_deep_sleep,vclk_2_clk,vclk_2_min_clk,vclk_2_max_clk,vclk_2_clk_locked,vclk_2_deep_sleep,vclk_3_clk,vclk_3_min_clk,vclk_3_max_clk,vclk_3_clk_locked,vclk_3_deep_sleep,dclk_0_clk,dclk_0_min_clk,dclk_0_max_clk,dclk_0_clk_locked,dclk_0_deep_sleep,dclk_1_clk,dclk_1_min_clk,dclk_1_max_clk,dclk_1_clk_locked,dclk_1_deep_sleep,dclk_2_clk,dclk_2_min_clk,dclk_2_max_clk,dclk_2_clk_locked,dclk_2_deep_sleep,dclk_3_clk,dclk_3_min_clk,dclk_3_max_clk,dclk_3_clk_locked,dclk_3_deep_sleep,edge,hotspot,mem
1744599457,0,122,N/A,N/A,N/A,N/A,ENABLED,142,146,2100,DISABLED,DISABLED,131,146,2100,DISABLED,ENABLED,131,146,2100,DISABLED,ENABLED,132,146,2100,DISABLED,ENABLED,131,146,2100,DISABLED,ENABLED,132,146,2100,DISABLED,ENABLED,131,146,2100,DISABLED,ENABLED,132,146,2100,DISABLED,ENABLED,900,900,1500,N/A,DISABLED,29,914,1680,N/A,ENABLED,29,914,1680,N/A,ENABLED,29,914,1680,N/A,ENABLED,29,914,1680,N/A,ENABLED,22,711,1400,N/A,ENABLED,22,711,1400,N/A,ENABLED,22,711,1400,N/A,ENABLED,22,711,1400,N/A,ENABLED,N/A,45,44
1744599458,0,121,N/A,N/A,N/A,N/A,ENABLED,134,500,2100,DISABLED,ENABLED,131,500,2100,DISABLED,ENABLED,131,500,2100,DISABLED,ENABLED,132,500,2100,DISABLED,ENABLED,132,500,2100,DISABLED,ENABLED,132,500,2100,DISABLED,ENABLED,131,500,2100,DISABLED,ENABLED,132,500,2100,DISABLED,ENABLED,900,900,1500,N/A,DISABLED,29,914,1680,N/A,ENABLED,29,914,1680,N/A,ENABLED,29,914,1680,N/A,ENABLED,29,914,1680,N/A,ENABLED,22,711,1400,N/A,ENABLED,22,711,1400,N/A,ENABLED,22,711,1400,N/A,ENABLED,22,711,1400,N/A,ENABLED,N/A,45,44
1744599459,0,121,N/A,N/A,N/A,N/A,ENABLED,133,500,2100,DISABLED,ENABLED,131,500,2100,DISABLED,ENABLED,131,500,2100,DISABLED,ENABLED,132,500,2100,DISABLED,ENABLED,131,500,2100,DISABLED,ENABLED,132,500,2100,DISABLED,ENABLED,131,500,2100,DISABLED,ENABLED,132,500,2100,DISABLED,ENABLED,900,900,1500,N/A,DISABLED,29,914,1680,N/A,ENABLED,29,914,1680,N/A,ENABLED,29,914,1680,N/A,ENABLED,29,914,1680,N/A,ENABLED,22,711,1400,N/A,ENABLED,22,711,1400,N/A,ENABLED,22,711,1400,N/A,ENABLED,22,711,1400,N/A,ENABLED,N/A,45,44
1744599461,0,121,N/A,N/A,N/A,N/A,ENABLED,132,500,2100,DISABLED,ENABLED,131,500,2100,DISABLED,ENABLED,131,500,2100,DISABLED,ENABLED,132,500,2100,DISABLED,ENABLED,131,500,2100,DISABLED,ENABLED,132,500,2100,DISABLED,ENABLED,131,500,2100,DISABLED,ENABLED,132,500,2100,DISABLED,ENABLED,900,900,1500,N/A,DISABLED,29,914,1680,N/A,ENABLED,29,914,1680,N/A,ENABLED,29,914,1680,N/A,ENABLED,29,914,1680,N/A,ENABLED,22,711,1400,N/A,ENABLED,22,711,1400,N/A,ENABLED,22,711,1400,N/A,ENABLED,22,711,1400,N/A,ENABLED,N/A,45,43
1744599462,0,121,N/A,N/A,N/A,N/A,ENABLED,132,500,2100,DISABLED,ENABLED,131,500,2100,DISABLED,ENABLED,131,500,2100,DISABLED,ENABLED,132,500,2100,DISABLED,ENABLED,132,500,2100,DISABLED,ENABLED,132,500,2100,DISABLED,ENABLED,131,500,2100,DISABLED,ENABLED,132,500,2100,DISABLED,ENABLED,900,900,1500,N/A,DISABLED,29,914,1680,N/A,ENABLED,29,914,1680,N/A,ENABLED,29,914,1680,N/A,ENABLED,29,914,1680,N/A,ENABLED,22,711,1400,N/A,ENABLED,22,711,1400,N/A,ENABLED,22,711,1400,N/A,ENABLED,22,711,1400,N/A,ENABLED,N/A,45,44
1744599463,0,122,N/A,N/A,N/A,N/A,ENABLED,132,500,2100,DISABLED,ENABLED,131,500,2100,DISABLED,ENABLED,131,500,2100,DISABLED,ENABLED,132,500,2100,DISABLED,ENABLED,132,500,2100,DISABLED,ENABLED,132,500,2100,DISABLED,ENABLED,131,500,2100,DISABLED,ENABLED,132,500,2100,DISABLED,ENABLED,900,900,1500,N/A,DISABLED,29,914,1680,N/A,ENABLED,29,914,1680,N/A,ENABLED,29,914,1680,N/A,ENABLED,29,914,1680,N/A,ENABLED,22,711,1400,N/A,ENABLED,22,711,1400,N/A,ENABLED,22,711,1400,N/A,ENABLED,22,711,1400,N/A,ENABLED,N/A,45,44
1744599464,0,120,N/A,N/A,N/A,N/A,ENABLED,132,500,2100,DISABLED,ENABLED,131,500,2100,DISABLED,ENABLED,131,500,2100,DISABLED,ENABLED,132,500,2100,DISABLED,ENABLED,132,500,2100,DISABLED,ENABLED,132,500,2100,DISABLED,ENABLED,131,500,2100,DISABLED,ENABLED,132,500,2100,DISABLED,ENABLED,900,900,1500,N/A,DISABLED,29,914,1680,N/A,ENABLED,29,914,1680,N/A,ENABLED,29,914,1680,N/A,ENABLED,29,914,1680,N/A,ENABLED,22,711,1400,N/A,ENABLED,22,711,1400,N/A,ENABLED,22,711,1400,N/A,ENABLED,22,711,1400,N/A,ENABLED,N/A,44,43
1744599465,0,121,N/A,N/A,N/A,N/A,ENABLED,132,500,2100,DISABLED,ENABLED,131,500,2100,DISABLED,ENABLED,131,500,2100,DISABLED,ENABLED,132,500,2100,DISABLED,ENABLED,131,500,2100,DISABLED,ENABLED,132,500,2100,DISABLED,ENABLED,131,500,2100,DISABLED,ENABLED,132,500,2100,DISABLED,ENABLED,900,900,1500,N/A,DISABLED,29,914,1680,N/A,ENABLED,29,914,1680,N/A,ENABLED,29,914,1680,N/A,ENABLED,29,914,1680,N/A,ENABLED,22,711,1400,N/A,ENABLED,22,711,1400,N/A,ENABLED,22,711,1400,N/A,ENABLED,22,711,1400,N/A,ENABLED,N/A,44,44
1744599466,0,121,N/A,N/A,N/A,N/A,ENABLED,132,500,2100,DISABLED,ENABLED,131,500,2100,DISABLED,ENABLED,131,500,2100,DISABLED,ENABLED,132,500,2100,DISABLED,ENABLED,131,500,2100,DISABLED,ENABLED,132,500,2100,DISABLED,ENABLED,131,500,2100,DISABLED,ENABLED,132,500,2100,DISABLED,ENABLED,900,900,1500,N/A,DISABLED,29,914,1680,N/A,ENABLED,29,914,1680,N/A,ENABLED,29,914,1680,N/A,ENABLED,29,914,1680,N/A,ENABLED,22,711,1400,N/A,ENABLED,22,711,1400,N/A,ENABLED,22,711,1400,N/A,ENABLED,22,711,1400,N/A,ENABLED,N/A,44,43
1744599468,0,121,N/A,N/A,N/A,N/A,ENABLED,132,500,2100,DISABLED,ENABLED,131,500,2100,DISABLED,ENABLED,131,500,2100,DISABLED,ENABLED,132,500,2100,DISABLED,ENABLED,131,500,2100,DISABLED,ENABLED,132,500,2100,DISABLED,ENABLED,131,500,2100,DISABLED,ENABLED,132,500,2100,DISABLED,ENABLED,900,900,1500,N/A,DISABLED,29,914,1680,N/A,ENABLED,29,914,1680,N/A,ENABLED,29,914,1680,N/A,ENABLED,29,914,1680,N/A,ENABLED,22,711,1400,N/A,ENABLED,22,711,1400,N/A,ENABLED,22,711,1400,N/A,ENABLED,22,711,1400,N/A,ENABLED,N/A,44,43
1744599469,0,552,N/A,N/A,N/A,N/A,ENABLED,2068,500,2100,DISABLED,DISABLED,2056,500,2100,DISABLED,DISABLED,2075,500,2100,DISABLED,DISABLED,2075,500,2100,DISABLED,DISABLED,2080,500,2100,DISABLED,DISABLED,2075,500,2100,DISABLED,DISABLED,2071,500,2100,DISABLED,DISABLED,2075,500,2100,DISABLED,DISABLED,1490,900,1500,N/A,DISABLED,52,914,1680,N/A,ENABLED,52,914,1680,N/A,ENABLED,52,914,1680,N/A,ENABLED,52,914,1680,N/A,ENABLED,43,711,1400,N/A,ENABLED,43,711,1400,N/A,ENABLED,43,711,1400,N/A,ENABLED,43,711,1400,N/A,ENABLED,N/A,46,52
1744599470,0,560,N/A,N/A,N/A,N/A,ENABLED,2071,500,2100,DISABLED,DISABLED,2059,500,2100,DISABLED,DISABLED,2080,500,2100,DISABLED,DISABLED,2078,500,2100,DISABLED,DISABLED,2085,500,2100,DISABLED,DISABLED,2078,500,2100,DISABLED,DISABLED,2076,500,2100,DISABLED,DISABLED,2079,500,2100,DISABLED,DISABLED,1500,900,1500,N/A,DISABLED,53,914,1680,N/A,ENABLED,53,914,1680,N/A,ENABLED,53,914,1680,N/A,ENABLED,53,914,1680,N/A,ENABLED,44,711,1400,N/A,ENABLED,44,711,1400,N/A,ENABLED,44,711,1400,N/A,ENABLED,44,711,1400,N/A,ENABLED,N/A,50,53
1744599471,0,560,N/A,N/A,N/A,N/A,ENABLED,2071,500,2100,DISABLED,DISABLED,2059,500,2100,DISABLED,DISABLED,2080,500,2100,DISABLED,DISABLED,2078,500,2100,DISABLED,DISABLED,2085,500,2100,DISABLED,DISABLED,2078,500,2100,DISABLED,DISABLED,2076,500,2100,DISABLED,DISABLED,2080,500,2100,DISABLED,DISABLED,1500,900,1500,N/A,DISABLED,53,914,1680,N/A,ENABLED,53,914,1680,N/A,ENABLED,53,914,1680,N/A,ENABLED,53,914,1680,N/A,ENABLED,44,711,1400,N/A,ENABLED,44,711,1400,N/A,ENABLED,44,711,1400,N/A,ENABLED,44,711,1400,N/A,ENABLED,N/A,52,54
1744599472,0,561,N/A,N/A,N/A,N/A,ENABLED,2070,500,2100,DISABLED,DISABLED,2058,500,2100,DISABLED,DISABLED,2079,500,2100,DISABLED,DISABLED,2078,500,2100,DISABLED,DISABLED,2085,500,2100,DISABLED,DISABLED,2078,500,2100,DISABLED,DISABLED,2076,500,2100,DISABLED,DISABLED,2079,500,2100,DISABLED,DISABLED,1500,900,1500,N/A,DISABLED,53,914,1680,N/A,ENABLED,53,914,1680,N/A,ENABLED,53,914,1680,N/A,ENABLED,53,914,1680,N/A,ENABLED,44,711,1400,N/A,ENABLED,44,711,1400,N/A,ENABLED,44,711,1400,N/A,ENABLED,44,711,1400,N/A,ENABLED,N/A,53,55
1744599474,0,562,N/A,N/A,N/A,N/A,ENABLED,2071,500,2100,DISABLED,DISABLED,2058,500,2100,DISABLED,DISABLED,2079,500,2100,DISABLED,DISABLED,2078,500,2100,DISABLED,DISABLED,2085,500,2100,DISABLED,DISABLED,2079,500,2100,DISABLED,DISABLED,2076,500,2100,DISABLED,DISABLED,2079,500,2100,DISABLED,DISABLED,1500,900,1500,N/A,DISABLED,53,914,1680,N/A,ENABLED,53,914,1680,N/A,ENABLED,53,914,1680,N/A,ENABLED,53,914,1680,N/A,ENABLED,44,711,1400,N/A,ENABLED,44,711,1400,N/A,ENABLED,44,711,1400,N/A,ENABLED,44,711,1400,N/A,ENABLED,N/A,53,55
1744599475,0,564,N/A,N/A,N/A,N/A,ENABLED,2071,500,2100,DISABLED,DISABLED,2058,500,2100,DISABLED,DISABLED,2079,500,2100,DISABLED,DISABLED,2078,500,2100,DISABLED,DISABLED,2085,500,2100,DISABLED,DISABLED,2079,500,2100,DISABLED,DISABLED,2077,500,2100,DISABLED,DISABLED,2079,500,2100,DISABLED,DISABLED,1500,900,1500,N/A,DISABLED,53,914,1680,N/A,ENABLED,53,914,1680,N/A,ENABLED,53,914,1680,N/A,ENABLED,53,914,1680,N/A,ENABLED,44,711,1400,N/A,ENABLED,44,711,1400,N/A,ENABLED,44,711,1400,N/A,ENABLED,44,711,1400,N/A,ENABLED,N/A,53,56
1744599476,0,564,N/A,N/A,N/A,N/A,ENABLED,2071,500,2100,DISABLED,DISABLED,2059,500,2100,DISABLED,DISABLED,2079,500,2100,DISABLED,DISABLED,2078,500,2100,DISABLED,DISABLED,2085,500,2100,DISABLED,DISABLED,2079,500,2100,DISABLED,DISABLED,2077,500,2100,DISABLED,DISABLED,2079,500,2100,DISABLED,DISABLED,1500,900,1500,N/A,DISABLED,53,914,1680,N/A,ENABLED,53,914,1680,N/A,ENABLED,53,914,1680,N/A,ENABLED,53,914,1680,N/A,ENABLED,44,711,1400,N/A,ENABLED,44,711,1400,N/A,ENABLED,44,711,1400,N/A,ENABLED,44,711,1400,N/A,ENABLED,N/A,54,56
1744599477,0,563,N/A,N/A,N/A,N/A,ENABLED,2071,500,2100,DISABLED,DISABLED,2059,500,2100,DISABLED,DISABLED,2080,500,2100,DISABLED,DISABLED,2078,500,2100,DISABLED,DISABLED,2085,500,2100,DISABLED,DISABLED,2079,500,2100,DISABLED,DISABLED,2077,500,2100,DISABLED,DISABLED,2079,500,2100,DISABLED,DISABLED,1500,900,1500,N/A,DISABLED,53,914,1680,N/A,ENABLED,53,914,1680,N/A,ENABLED,53,914,1680,N/A,ENABLED,53,914,1680,N/A,ENABLED,44,711,1400,N/A,ENABLED,44,711,1400,N/A,ENABLED,44,711,1400,N/A,ENABLED,44,711,1400,N/A,ENABLED,N/A,54,56
1744599478,0,563,N/A,N/A,N/A,N/A,ENABLED,2071,500,2100,DISABLED,DISABLED,2058,500,2100,DISABLED,DISABLED,2081,500,2100,DISABLED,DISABLED,2078,500,2100,DISABLED,DISABLED,2085,500,2100,DISABLED,DISABLED,2079,500,2100,DISABLED,DISABLED,2076,500,2100,DISABLED,DISABLED,2079,500,2100,DISABLED,DISABLED,1500,900,1500,N/A,DISABLED,53,914,1680,N/A,ENABLED,53,914,1680,N/A,ENABLED,53,914,1680,N/A,ENABLED,53,914,1680,N/A,ENABLED,44,711,1400,N/A,ENABLED,44,711,1400,N/A,ENABLED,44,711,1400,N/A,ENABLED,44,711,1400,N/A,ENABLED,N/A,54,56
1744599479,0,562,N/A,N/A,N/A,N/A,ENABLED,2071,500,2100,DISABLED,DISABLED,2058,500,2100,DISABLED,DISABLED,2080,500,2100,DISABLED,DISABLED,2078,500,2100,DISABLED,DISABLED,2085,500,2100,DISABLED,DISABLED,2079,500,2100,DISABLED,DISABLED,2076,500,2100,DISABLED,DISABLED,2079,500,2100,DISABLED,DISABLED,1500,900,1500,N/A,DISABLED,53,914,1680,N/A,ENABLED,53,914,1680,N/A,ENABLED,53,914,1680,N/A,ENABLED,53,914,1680,N/A,ENABLED,44,711,1400,N/A,ENABLED,44,711,1400,N/A,ENABLED,44,711,1400,N/A,ENABLED,44,711,1400,N/A,ENABLED,N/A,54,57
1744599481,0,564,N/A,N/A,N/A,N/A,ENABLED,2071,500,2100,DISABLED,DISABLED,2059,500,2100,DISABLED,DISABLED,2080,500,2100,DISABLED,DISABLED,2078,500,2100,DISABLED,DISABLED,2085,500,2100,DISABLED,DISABLED,2079,500,2100,DISABLED,DISABLED,2077,500,2100,DISABLED,DISABLED,2079,500,2100,DISABLED,DISABLED,1500,900,1500,N/A,DISABLED,53,914,1680,N/A,ENABLED,53,914,1680,N/A,ENABLED,53,914,1680,N/A,ENABLED,53,914,1680,N/A,ENABLED,44,711,1400,N/A,ENABLED,44,711,1400,N/A,ENABLED,44,711,1400,N/A,ENABLED,44,711,1400,N/A,ENABLED,N/A,55,57
1744599482,0,564,N/A,N/A,N/A,N/A,ENABLED,2071,500,2100,DISABLED,DISABLED,2059,500,2100,DISABLED,DISABLED,2080,500,2100,DISABLED,DISABLED,2079,500,2100,DISABLED,DISABLED,2085,500,2100,DISABLED,DISABLED,2079,500,2100,DISABLED,DISABLED,2077,500,2100,DISABLED,DISABLED,2078,500,2100,DISABLED,DISABLED,1500,900,1500,N/A,DISABLED,53,914,1680,N/A,ENABLED,53,914,1680,N/A,ENABLED,53,914,1680,N/A,ENABLED,53,914,1680,N/A,ENABLED,44,711,1400,N/A,ENABLED,44,711,1400,N/A,ENABLED,44,711,1400,N/A,ENABLED,44,711,1400,N/A,ENABLED,N/A,55,57
1744599483,0,565,N/A,N/A,N/A,N/A,ENABLED,2070,500,2100,DISABLED,DISABLED,2059,500,2100,DISABLED,DISABLED,2080,500,2100,DISABLED,DISABLED,2079,500,2100,DISABLED,DISABLED,2085,500,2100,DISABLED,DISABLED,2079,500,2100,DISABLED,DISABLED,2076,500,2100,DISABLED,DISABLED,2079,500,2100,DISABLED,DISABLED,1500,900,1500,N/A,DISABLED,53,914,1680,N/A,ENABLED,53,914,1680,N/A,ENABLED,53,914,1680,N/A,ENABLED,53,914,1680,N/A,ENABLED,44,711,1400,N/A,ENABLED,44,711,1400,N/A,ENABLED,44,711,1400,N/A,ENABLED,44,711,1400,N/A,ENABLED,N/A,55,57
1744599484,0,564,N/A,N/A,N/A,N/A,ENABLED,2070,500,2100,DISABLED,DISABLED,2058,500,2100,DISABLED,DISABLED,2080,500,2100,DISABLED,DISABLED,2078,500,2100,DISABLED,DISABLED,2085,500,2100,DISABLED,DISABLED,2079,500,2100,DISABLED,DISABLED,2076,500,2100,DISABLED,DISABLED,2079,500,2100,DISABLED,DISABLED,1500,900,1500,N/A,DISABLED,53,914,1680,N/A,ENABLED,53,914,1680,N/A,ENABLED,53,914,1680,N/A,ENABLED,53,914,1680,N/A,ENABLED,44,711,1400,N/A,ENABLED,44,711,1400,N/A,ENABLED,44,711,1400,N/A,ENABLED,44,711,1400,N/A,ENABLED,N/A,55,57
1744599485,0,566,N/A,N/A,N/A,N/A,ENABLED,2070,500,2100,DISABLED,DISABLED,2058,500,2100,DISABLED,DISABLED,2080,500,2100,DISABLED,DISABLED,2078,500,2100,DISABLED,DISABLED,2085,500,2100,DISABLED,DISABLED,2079,500,2100,DISABLED,DISABLED,2076,500,2100,DISABLED,DISABLED,2079,500,2100,DISABLED,DISABLED,1500,900,1500,N/A,DISABLED,53,914,1680,N/A,ENABLED,53,914,1680,N/A,ENABLED,53,914,1680,N/A,ENABLED,53,914,1680,N/A,ENABLED,44,711,1400,N/A,ENABLED,44,711,1400,N/A,ENABLED,44,711,1400,N/A,ENABLED,44,711,1400,N/A,ENABLED,N/A,56,58
1744599486,0,566,N/A,N/A,N/A,N/A,ENABLED,2071,500,2100,DISABLED,DISABLED,2058,500,2100,DISABLED,DISABLED,2080,500,2100,DISABLED,DISABLED,2079,500,2100,DISABLED,DISABLED,2084,500,2100,DISABLED,DISABLED,2078,500,2100,DISABLED,DISABLED,2076,500,2100,DISABLED,DISABLED,2079,500,2100,DISABLED,DISABLED,1500,900,1500,N/A,DISABLED,53,914,1680,N/A,ENABLED,53,914,1680,N/A,ENABLED,53,914,1680,N/A,ENABLED,53,914,1680,N/A,ENABLED,44,711,1400,N/A,ENABLED,44,711,1400,N/A,ENABLED,44,711,1400,N/A,ENABLED,44,711,1400,N/A,ENABLED,N/A,56,58
1744599488,0,565,N/A,N/A,N/A,N/A,ENABLED,2070,500,2100,DISABLED,DISABLED,2058,500,2100,DISABLED,DISABLED,2080,500,2100,DISABLED,DISABLED,2078,500,2100,DISABLED,DISABLED,2084,500,2100,DISABLED,DISABLED,2078,500,2100,DISABLED,DISABLED,2076,500,2100,DISABLED,DISABLED,2079,500,2100,DISABLED,DISABLED,1500,900,1500,N/A,DISABLED,53,914,1680,N/A,ENABLED,53,914,1680,N/A,ENABLED,53,914,1680,N/A,ENABLED,53,914,1680,N/A,ENABLED,44,711,1400,N/A,ENABLED,44,711,1400,N/A,ENABLED,44,711,1400,N/A,ENABLED,44,711,1400,N/A,ENABLED,N/A,56,58
1744599489,0,567,N/A,N/A,N/A,N/A,ENABLED,2071,500,2100,DISABLED,DISABLED,2059,500,2100,DISABLED,DISABLED,2079,500,2100,DISABLED,DISABLED,2078,500,2100,DISABLED,DISABLED,2085,500,2100,DISABLED,DISABLED,2079,500,2100,DISABLED,DISABLED,2076,500,2100,DISABLED,DISABLED,2079,500,2100,DISABLED,DISABLED,1500,900,1500,N/A,DISABLED,53,914,1680,N/A,ENABLED,53,914,1680,N/A,ENABLED,53,914,1680,N/A,ENABLED,53,914,1680,N/A,ENABLED,44,711,1400,N/A,ENABLED,44,711,1400,N/A,ENABLED,44,711,1400,N/A,ENABLED,44,711,1400,N/A,ENABLED,N/A,56,58
1744599490,0,567,N/A,N/A,N/A,N/A,ENABLED,2071,500,2100,DISABLED,DISABLED,2058,500,2100,DISABLED,DISABLED,2080,500,2100,DISABLED,DISABLED,2079,500,2100,DISABLED,DISABLED,2085,500,2100,DISABLED,DISABLED,2079,500,2100,DISABLED,DISABLED,2077,500,2100,DISABLED,DISABLED,2079,500,2100,DISABLED,DISABLED,1500,900,1500,N/A,DISABLED,53,914,1680,N/A,ENABLED,53,914,1680,N/A,ENABLED,53,914,1680,N/A,ENABLED,53,914,1680,N/A,ENABLED,44,711,1400,N/A,ENABLED,44,711,1400,N/A,ENABLED,44,711,1400,N/A,ENABLED,44,711,1400,N/A,ENABLED,N/A,56,59
1744599491,0,567,N/A,N/A,N/A,N/A,ENABLED,2070,500,2100,DISABLED,DISABLED,2059,500,2100,DISABLED,DISABLED,2080,500,2100,DISABLED,DISABLED,2078,500,2100,DISABLED,DISABLED,2085,500,2100,DISABLED,DISABLED,2079,500,2100,DISABLED,DISABLED,2076,500,2100,DISABLED,DISABLED,2079,500,2100,DISABLED,DISABLED,1500,900,1500,N/A,DISABLED,53,914,1680,N/A,ENABLED,53,914,1680,N/A,ENABLED,53,914,1680,N/A,ENABLED,53,914,1680,N/A,ENABLED,44,711,1400,N/A,ENABLED,44,711,1400,N/A,ENABLED,44,711,1400,N/A,ENABLED,44,711,1400,N/A,ENABLED,N/A,57,59
1744599492,0,566,N/A,N/A,N/A,N/A,ENABLED,2070,500,2100,DISABLED,DISABLED,2059,500,2100,DISABLED,DISABLED,2080,500,2100,DISABLED,DISABLED,2078,500,2100,DISABLED,DISABLED,2085,500,2100,DISABLED,DISABLED,2079,500,2100,DISABLED,DISABLED,2076,500,2100,DISABLED,DISABLED,2079,500,2100,DISABLED,DISABLED,1500,900,1500,N/A,DISABLED,53,914,1680,N/A,ENABLED,53,914,1680,N/A,ENABLED,53,914,1680,N/A,ENABLED,53,914,1680,N/A,ENABLED,44,711,1400,N/A,ENABLED,44,711,1400,N/A,ENABLED,44,711,1400,N/A,ENABLED,44,711,1400,N/A,ENABLED,N/A,57,59
1744599494,0,567,N/A,N/A,N/A,N/A,ENABLED,2071,500,2100,DISABLED,DISABLED,2058,500,2100,DISABLED,DISABLED,2080,500,2100,DISABLED,DISABLED,2079,500,2100,DISABLED,DISABLED,2085,500,2100,DISABLED,DISABLED,2079,500,2100,DISABLED,DISABLED,2077,500,2100,DISABLED,DISABLED,2080,500,2100,DISABLED,DISABLED,1500,900,1500,N/A,DISABLED,53,914,1680,N/A,ENABLED,53,914,1680,N/A,ENABLED,53,914,1680,N/A,ENABLED,53,914,1680,N/A,ENABLED,44,711,1400,N/A,ENABLED,44,711,1400,N/A,ENABLED,44,711,1400,N/A,ENABLED,44,711,1400,N/A,ENABLED,N/A,57,59
1744599495,0,568,N/A,N/A,N/A,N/A,ENABLED,2070,500,2100,DISABLED,DISABLED,2058,500,2100,DISABLED,DISABLED,2079,500,2100,DISABLED,DISABLED,2079,500,2100,DISABLED,DISABLED,2084,500,2100,DISABLED,DISABLED,2079,500,2100,DISABLED,DISABLED,2076,500,2100,DISABLED,DISABLED,2079,500,2100,DISABLED,DISABLED,1500,900,1500,N/A,DISABLED,53,914,1680,N/A,ENABLED,53,914,1680,N/A,ENABLED,53,914,1680,N/A,ENABLED,53,914,1680,N/A,ENABLED,44,711,1400,N/A,ENABLED,44,711,1400,N/A,ENABLED,44,711,1400,N/A,ENABLED,44,711,1400,N/A,ENABLED,N/A,57,59
1744599496,0,569,N/A,N/A,N/A,N/A,ENABLED,2070,500,2100,DISABLED,DISABLED,2059,500,2100,DISABLED,DISABLED,2080,500,2100,DISABLED,DISABLED,2078,500,2100,DISABLED,DISABLED,2084,500,2100,DISABLED,DISABLED,2078,500,2100,DISABLED,DISABLED,2076,500,2100,DISABLED,DISABLED,2079,500,2100,DISABLED,DISABLED,1500,900,1500,N/A,DISABLED,53,914,1680,N/A,ENABLED,53,914,1680,N/A,ENABLED,53,914,1680,N/A,ENABLED,53,914,1680,N/A,ENABLED,44,711,1400,N/A,ENABLED,44,711,1400,N/A,ENABLED,44,711,1400,N/A,ENABLED,44,711,1400,N/A,ENABLED,N/A,57,59
1744599497,0,569,N/A,N/A,N/A,N/A,ENABLED,2071,500,2100,DISABLED,DISABLED,2059,500,2100,DISABLED,DISABLED,2080,500,2100,DISABLED,DISABLED,2079,500,2100,DISABLED,DISABLED,2084,500,2100,DISABLED,DISABLED,2079,500,2100,DISABLED,DISABLED,2077,500,2100,DISABLED,DISABLED,2079,500,2100,DISABLED,DISABLED,1500,900,1500,N/A,DISABLED,53,914,1680,N/A,ENABLED,53,914,1680,N/A,ENABLED,53,914,1680,N/A,ENABLED,53,914,1680,N/A,ENABLED,44,711,1400,N/A,ENABLED,44,711,1400,N/A,ENABLED,44,711,1400,N/A,ENABLED,44,711,1400,N/A,ENABLED,N/A,57,59
1744599498,0,570,N/A,N/A,N/A,N/A,ENABLED,2071,500,2100,DISABLED,DISABLED,2059,500,2100,DISABLED,DISABLED,2079,500,2100,DISABLED,DISABLED,2078,500,2100,DISABLED,DISABLED,2085,500,2100,DISABLED,DISABLED,2079,500,2100,DISABLED,DISABLED,2076,500,2100,DISABLED,DISABLED,2079,500,2100,DISABLED,DISABLED,1500,900,1500,N/A,DISABLED,53,914,1680,N/A,ENABLED,53,914,1680,N/A,ENABLED,53,914,1680,N/A,ENABLED,53,914,1680,N/A,ENABLED,44,711,1400,N/A,ENABLED,44,711,1400,N/A,ENABLED,44,711,1400,N/A,ENABLED,44,711,1400,N/A,ENABLED,N/A,57,59
1744599499,0,568,N/A,N/A,N/A,N/A,ENABLED,2071,500,2100,DISABLED,DISABLED,2059,500,2100,DISABLED,DISABLED,2079,500,2100,DISABLED,DISABLED,2079,500,2100,DISABLED,DISABLED,2085,500,2100,DISABLED,DISABLED,2079,500,2100,DISABLED,DISABLED,2076,500,2100,DISABLED,DISABLED,2079,500,2100,DISABLED,DISABLED,1500,900,1500,N/A,DISABLED,53,914,1680,N/A,ENABLED,53,914,1680,N/A,ENABLED,53,914,1680,N/A,ENABLED,53,914,1680,N/A,ENABLED,44,711,1400,N/A,ENABLED,44,711,1400,N/A,ENABLED,44,711,1400,N/A,ENABLED,44,711,1400,N/A,ENABLED,N/A,57,60
1744599501,0,569,N/A,N/A,N/A,N/A,ENABLED,2070,500,2100,DISABLED,DISABLED,2059,500,2100,DISABLED,DISABLED,2080,500,2100,DISABLED,DISABLED,2079,500,2100,DISABLED,DISABLED,2085,500,2100,DISABLED,DISABLED,2078,500,2100,DISABLED,DISABLED,2076,500,2100,DISABLED,DISABLED,2079,500,2100,DISABLED,DISABLED,1500,900,1500,N/A,DISABLED,53,914,1680,N/A,ENABLED,53,914,1680,N/A,ENABLED,53,914,1680,N/A,ENABLED,53,914,1680,N/A,ENABLED,44,711,1400,N/A,ENABLED,44,711,1400,N/A,ENABLED,44,711,1400,N/A,ENABLED,44,711,1400,N/A,ENABLED,N/A,58,60
1744599502,0,571,N/A,N/A,N/A,N/A,ENABLED,2070,500,2100,DISABLED,DISABLED,2059,500,2100,DISABLED,DISABLED,2079,500,2100,DISABLED,DISABLED,2079,500,2100,DISABLED,DISABLED,2085,500,2100,DISABLED,DISABLED,2079,500,2100,DISABLED,DISABLED,2076,500,2100,DISABLED,DISABLED,2078,500,2100,DISABLED,DISABLED,1500,900,1500,N/A,DISABLED,53,914,1680,N/A,ENABLED,53,914,1680,N/A,ENABLED,53,914,1680,N/A,ENABLED,53,914,1680,N/A,ENABLED,44,711,1400,N/A,ENABLED,44,711,1400,N/A,ENABLED,44,711,1400,N/A,ENABLED,44,711,1400,N/A,ENABLED,N/A,58,60
1744599503,0,571,N/A,N/A,N/A,N/A,ENABLED,2071,500,2100,DISABLED,DISABLED,2058,500,2100,DISABLED,DISABLED,2079,500,2100,DISABLED,DISABLED,2079,500,2100,DISABLED,DISABLED,2084,500,2100,DISABLED,DISABLED,2079,500,2100,DISABLED,DISABLED,2076,500,2100,DISABLED,DISABLED,2079,500,2100,DISABLED,DISABLED,1500,900,1500,N/A,DISABLED,53,914,1680,N/A,ENABLED,53,914,1680,N/A,ENABLED,53,914,1680,N/A,ENABLED,53,914,1680,N/A,ENABLED,44,711,1400,N/A,ENABLED,44,711,1400,N/A,ENABLED,44,711,1400,N/A,ENABLED,44,711,1400,N/A,ENABLED,N/A,58,60
1744599504,0,571,N/A,N/A,N/A,N/A,ENABLED,2070,500,2100,DISABLED,DISABLED,2058,500,2100,DISABLED,DISABLED,2080,500,2100,DISABLED,DISABLED,2078,500,2100,DISABLED,DISABLED,2084,500,2100,DISABLED,DISABLED,2079,500,2100,DISABLED,DISABLED,2076,500,2100,DISABLED,DISABLED,2078,500,2100,DISABLED,DISABLED,1500,900,1500,N/A,DISABLED,53,914,1680,N/A,ENABLED,53,914,1680,N/A,ENABLED,53,914,1680,N/A,ENABLED,53,914,1680,N/A,ENABLED,44,711,1400,N/A,ENABLED,44,711,1400,N/A,ENABLED,44,711,1400,N/A,ENABLED,44,711,1400,N/A,ENABLED,N/A,58,60
1744599505,0,570,N/A,N/A,N/A,N/A,ENABLED,2070,500,2100,DISABLED,DISABLED,2058,500,2100,DISABLED,DISABLED,2080,500,2100,DISABLED,DISABLED,2078,500,2100,DISABLED,DISABLED,2084,500,2100,DISABLED,DISABLED,2079,500,2100,DISABLED,DISABLED,2076,500,2100,DISABLED,DISABLED,2078,500,2100,DISABLED,DISABLED,1500,900,1500,N/A,DISABLED,53,914,1680,N/A,ENABLED,53,914,1680,N/A,ENABLED,53,914,1680,N/A,ENABLED,53,914,1680,N/A,ENABLED,44,711,1400,N/A,ENABLED,44,711,1400,N/A,ENABLED,44,711,1400,N/A,ENABLED,44,711,1400,N/A,ENABLED,N/A,58,60
1744599506,0,570,N/A,N/A,N/A,N/A,ENABLED,2070,500,2100,DISABLED,DISABLED,2058,500,2100,DISABLED,DISABLED,2080,500,2100,DISABLED,DISABLED,2079,500,2100,DISABLED,DISABLED,2084,500,2100,DISABLED,DISABLED,2079,500,2100,DISABLED,DISABLED,2076,500,2100,DISABLED,DISABLED,2078,500,2100,DISABLED,DISABLED,1500,900,1500,N/A,DISABLED,53,914,1680,N/A,ENABLED,53,914,1680,N/A,ENABLED,53,914,1680,N/A,ENABLED,53,914,1680,N/A,ENABLED,44,711,1400,N/A,ENABLED,44,711,1400,N/A,ENABLED,44,711,1400,N/A,ENABLED,44,711,1400,N/A,ENABLED,N/A,58,60
1744599508,0,569,N/A,N/A,N/A,N/A,ENABLED,2070,500,2100,DISABLED,DISABLED,2058,500,2100,DISABLED,DISABLED,2080,500,2100,DISABLED,DISABLED,2078,500,2100,DISABLED,DISABLED,2085,500,2100,DISABLED,DISABLED,2078,500,2100,DISABLED,DISABLED,2077,500,2100,DISABLED,DISABLED,2078,500,2100,DISABLED,DISABLED,1500,900,1500,N/A,DISABLED,53,914,1680,N/A,ENABLED,53,914,1680,N/A,ENABLED,53,914,1680,N/A,ENABLED,53,914,1680,N/A,ENABLED,44,711,1400,N/A,ENABLED,44,711,1400,N/A,ENABLED,44,711,1400,N/A,ENABLED,44,711,1400,N/A,ENABLED,N/A,58,60
1744599509,0,571,N/A,N/A,N/A,N/A,ENABLED,2070,500,2100,DISABLED,DISABLED,2058,500,2100,DISABLED,DISABLED,2080,500,2100,DISABLED,DISABLED,2078,500,2100,DISABLED,DISABLED,2085,500,2100,DISABLED,DISABLED,2079,500,2100,DISABLED,DISABLED,2076,500,2100,DISABLED,DISABLED,2078,500,2100,DISABLED,DISABLED,1500,900,1500,N/A,DISABLED,53,914,1680,N/A,ENABLED,53,914,1680,N/A,ENABLED,53,914,1680,N/A,ENABLED,53,914,1680,N/A,ENABLED,44,711,1400,N/A,ENABLED,44,711,1400,N/A,ENABLED,44,711,1400,N/A,ENABLED,44,711,1400,N/A,ENABLED,N/A,58,60
1744599510,0,571,N/A,N/A,N/A,N/A,ENABLED,2070,500,2100,DISABLED,DISABLED,2058,500,2100,DISABLED,DISABLED,2080,500,2100,DISABLED,DISABLED,2078,500,2100,DISABLED,DISABLED,2084,500,2100,DISABLED,DISABLED,2078,500,2100,DISABLED,DISABLED,2076,500,2100,DISABLED,DISABLED,2078,500,2100,DISABLED,DISABLED,1500,900,1500,N/A,DISABLED,53,914,1680,N/A,ENABLED,53,914,1680,N/A,ENABLED,53,914,1680,N/A,ENABLED,53,914,1680,N/A,ENABLED,44,711,1400,N/A,ENABLED,44,711,1400,N/A,ENABLED,44,711,1400,N/A,ENABLED,44,711,1400,N/A,ENABLED,N/A,58,60
1744599511,0,571,N/A,N/A,N/A,N/A,ENABLED,2070,500,2100,DISABLED,DISABLED,2058,500,2100,DISABLED,DISABLED,2080,500,2100,DISABLED,DISABLED,2079,500,2100,DISABLED,DISABLED,2084,500,2100,DISABLED,DISABLED,2078,500,2100,DISABLED,DISABLED,2076,500,2100,DISABLED,DISABLED,2078,500,2100,DISABLED,DISABLED,1500,900,1500,N/A,DISABLED,53,914,1680,N/A,ENABLED,53,914,1680,N/A,ENABLED,53,914,1680,N/A,ENABLED,53,914,1680,N/A,ENABLED,44,711,1400,N/A,ENABLED,44,711,1400,N/A,ENABLED,44,711,1400,N/A,ENABLED,44,711,1400,N/A,ENABLED,N/A,58,60
1744599512,0,570,N/A,N/A,N/A,N/A,ENABLED,2070,500,2100,DISABLED,DISABLED,2057,500,2100,DISABLED,DISABLED,2080,500,2100,DISABLED,DISABLED,2078,500,2100,DISABLED,DISABLED,2085,500,2100,DISABLED,DISABLED,2079,500,2100,DISABLED,DISABLED,2076,500,2100,DISABLED,DISABLED,2078,500,2100,DISABLED,DISABLED,1500,900,1500,N/A,DISABLED,53,914,1680,N/A,ENABLED,53,914,1680,N/A,ENABLED,53,914,1680,N/A,ENABLED,53,914,1680,N/A,ENABLED,44,711,1400,N/A,ENABLED,44,711,1400,N/A,ENABLED,44,711,1400,N/A,ENABLED,44,711,1400,N/A,ENABLED,N/A,59,60
1744599513,0,571,N/A,N/A,N/A,N/A,ENABLED,2070,500,2100,DISABLED,DISABLED,2059,500,2100,DISABLED,DISABLED,2079,500,2100,DISABLED,DISABLED,2079,500,2100,DISABLED,DISABLED,2085,500,2100,DISABLED,DISABLED,2079,500,2100,DISABLED,DISABLED,2076,500,2100,DISABLED,DISABLED,2079,500,2100,DISABLED,DISABLED,1500,900,1500,N/A,DISABLED,53,914,1680,N/A,ENABLED,53,914,1680,N/A,ENABLED,53,914,1680,N/A,ENABLED,53,914,1680,N/A,ENABLED,44,711,1400,N/A,ENABLED,44,711,1400,N/A,ENABLED,44,711,1400,N/A,ENABLED,44,711,1400,N/A,ENABLED,N/A,59,61
1744599515,0,570,N/A,N/A,N/A,N/A,ENABLED,2070,500,2100,DISABLED,DISABLED,2058,500,2100,DISABLED,DISABLED,2080,500,2100,DISABLED,DISABLED,2079,500,2100,DISABLED,DISABLED,2085,500,2100,DISABLED,DISABLED,2079,500,2100,DISABLED,DISABLED,2076,500,2100,DISABLED,DISABLED,2078,500,2100,DISABLED,DISABLED,1500,900,1500,N/A,DISABLED,53,914,1680,N/A,ENABLED,53,914,1680,N/A,ENABLED,53,914,1680,N/A,ENABLED,53,914,1680,N/A,ENABLED,44,711,1400,N/A,ENABLED,44,711,1400,N/A,ENABLED,44,711,1400,N/A,ENABLED,44,711,1400,N/A,ENABLED,N/A,59,61
1744599516,0,571,N/A,N/A,N/A,N/A,ENABLED,2070,500,2100,DISABLED,DISABLED,2058,500,2100,DISABLED,DISABLED,2080,500,2100,DISABLED,DISABLED,2079,500,2100,DISABLED,DISABLED,2085,500,2100,DISABLED,DISABLED,2079,500,2100,DISABLED,DISABLED,2076,500,2100,DISABLED,DISABLED,2078,500,2100,DISABLED,DISABLED,1500,900,1500,N/A,DISABLED,53,914,1680,N/A,ENABLED,53,914,1680,N/A,ENABLED,53,914,1680,N/A,ENABLED,53,914,1680,N/A,ENABLED,44,711,1400,N/A,ENABLED,44,711,1400,N/A,ENABLED,44,711,1400,N/A,ENABLED,44,711,1400,N/A,ENABLED,N/A,59,61
1744599517,0,570,N/A,N/A,N/A,N/A,ENABLED,2071,500,2100,DISABLED,DISABLED,2058,500,2100,DISABLED,DISABLED,2080,500,2100,DISABLED,DISABLED,2079,500,2100,DISABLED,DISABLED,2084,500,2100,DISABLED,DISABLED,2079,500,2100,DISABLED,DISABLED,2076,500,2100,DISABLED,DISABLED,2078,500,2100,DISABLED,DISABLED,1500,900,1500,N/A,DISABLED,53,914,1680,N/A,ENABLED,53,914,1680,N/A,ENABLED,53,914,1680,N/A,ENABLED,53,914,1680,N/A,ENABLED,44,711,1400,N/A,ENABLED,44,711,1400,N/A,ENABLED,44,711,1400,N/A,ENABLED,44,711,1400,N/A,ENABLED,N/A,59,61
1744599518,0,573,N/A,N/A,N/A,N/A,ENABLED,2070,500,2100,DISABLED,DISABLED,2058,500,2100,DISABLED,DISABLED,2080,500,2100,DISABLED,DISABLED,2079,500,2100,DISABLED,DISABLED,2085,500,2100,DISABLED,DISABLED,2079,500,2100,DISABLED,DISABLED,2076,500,2100,DISABLED,DISABLED,2078,500,2100,DISABLED,DISABLED,1500,900,1500,N/A,DISABLED,53,914,1680,N/A,ENABLED,53,914,1680,N/A,ENABLED,53,914,1680,N/A,ENABLED,53,914,1680,N/A,ENABLED,44,711,1400,N/A,ENABLED,44,711,1400,N/A,ENABLED,44,711,1400,N/A,ENABLED,44,711,1400,N/A,ENABLED,N/A,59,61
1744599519,0,572,N/A,N/A,N/A,N/A,ENABLED,2070,500,2100,DISABLED,DISABLED,2058,500,2100,DISABLED,DISABLED,2080,500,2100,DISABLED,DISABLED,2078,500,2100,DISABLED,DISABLED,2085,500,2100,DISABLED,DISABLED,2079,500,2100,DISABLED,DISABLED,2077,500,2100,DISABLED,DISABLED,2078,500,2100,DISABLED,DISABLED,1500,900,1500,N/A,DISABLED,53,914,1680,N/A,ENABLED,53,914,1680,N/A,ENABLED,53,914,1680,N/A,ENABLED,53,914,1680,N/A,ENABLED,44,711,1400,N/A,ENABLED,44,711,1400,N/A,ENABLED,44,711,1400,N/A,ENABLED,44,711,1400,N/A,ENABLED,N/A,59,61
1744599521,0,572,N/A,N/A,N/A,N/A,ENABLED,2070,500,2100,DISABLED,DISABLED,2058,500,2100,DISABLED,DISABLED,2080,500,2100,DISABLED,DISABLED,2079,500,2100,DISABLED,DISABLED,2085,500,2100,DISABLED,DISABLED,2079,500,2100,DISABLED,DISABLED,2076,500,2100,DISABLED,DISABLED,2079,500,2100,DISABLED,DISABLED,1500,900,1500,N/A,DISABLED,53,914,1680,N/A,ENABLED,53,914,1680,N/A,ENABLED,53,914,1680,N/A,ENABLED,53,914,1680,N/A,ENABLED,44,711,1400,N/A,ENABLED,44,711,1400,N/A,ENABLED,44,711,1400,N/A,ENABLED,44,711,1400,N/A,ENABLED,N/A,59,61
1744599522,0,573,N/A,N/A,N/A,N/A,ENABLED,2070,500,2100,DISABLED,DISABLED,2058,500,2100,DISABLED,DISABLED,2080,500,2100,DISABLED,DISABLED,2079,500,2100,DISABLED,DISABLED,2085,500,2100,DISABLED,DISABLED,2078,500,2100,DISABLED,DISABLED,2077,500,2100,DISABLED,DISABLED,2078,500,2100,DISABLED,DISABLED,1500,900,1500,N/A,DISABLED,53,914,1680,N/A,ENABLED,53,914,1680,N/A,ENABLED,53,914,1680,N/A,ENABLED,53,914,1680,N/A,ENABLED,44,711,1400,N/A,ENABLED,44,711,1400,N/A,ENABLED,44,711,1400,N/A,ENABLED,44,711,1400,N/A,ENABLED,N/A,59,61
1744599523,0,571,N/A,N/A,N/A,N/A,ENABLED,2070,500,2100,DISABLED,DISABLED,2058,500,2100,DISABLED,DISABLED,2080,500,2100,DISABLED,DISABLED,2078,500,2100,DISABLED,DISABLED,2085,500,2100,DISABLED,DISABLED,2078,500,2100,DISABLED,DISABLED,2077,500,2100,DISABLED,DISABLED,2079,500,2100,DISABLED,DISABLED,1500,900,1500,N/A,DISABLED,53,914,1680,N/A,ENABLED,53,914,1680,N/A,ENABLED,53,914,1680,N/A,ENABLED,53,914,1680,N/A,ENABLED,44,711,1400,N/A,ENABLED,44,711,1400,N/A,ENABLED,44,711,1400,N/A,ENABLED,44,711,1400,N/A,ENABLED,N/A,59,61
1744599524,0,572,N/A,N/A,N/A,N/A,ENABLED,2070,500,2100,DISABLED,DISABLED,2058,500,2100,DISABLED,DISABLED,2079,500,2100,DISABLED,DISABLED,2079,500,2100,DISABLED,DISABLED,2085,500,2100,DISABLED,DISABLED,2078,500,2100,DISABLED,DISABLED,2076,500,2100,DISABLED,DISABLED,2078,500,2100,DISABLED,DISABLED,1500,900,1500,N/A,DISABLED,53,914,1680,N/A,ENABLED,53,914,1680,N/A,ENABLED,53,914,1680,N/A,ENABLED,53,914,1680,N/A,ENABLED,44,711,1400,N/A,ENABLED,44,711,1400,N/A,ENABLED,44,711,1400,N/A,ENABLED,44,711,1400,N/A,ENABLED,N/A,60,62
1744599525,0,573,N/A,N/A,N/A,N/A,ENABLED,2070,500,2100,DISABLED,DISABLED,2057,500,2100,DISABLED,DISABLED,2080,500,2100,DISABLED,DISABLED,2078,500,2100,DISABLED,DISABLED,2085,500,2100,DISABLED,DISABLED,2079,500,2100,DISABLED,DISABLED,2076,500,2100,DISABLED,DISABLED,2078,500,2100,DISABLED,DISABLED,1500,900,1500,N/A,DISABLED,53,914,1680,N/A,ENABLED,53,914,1680,N/A,ENABLED,53,914,1680,N/A,ENABLED,53,914,1680,N/A,ENABLED,44,711,1400,N/A,ENABLED,44,711,1400,N/A,ENABLED,44,711,1400,N/A,ENABLED,44,711,1400,N/A,ENABLED,N/A,60,61
1744599526,0,570,N/A,N/A,N/A,N/A,ENABLED,2070,500,2100,DISABLED,DISABLED,2058,500,2100,DISABLED,DISABLED,2079,500,2100,DISABLED,DISABLED,2078,500,2100,DISABLED,DISABLED,2085,500,2100,DISABLED,DISABLED,2078,500,2100,DISABLED,DISABLED,2076,500,2100,DISABLED,DISABLED,2078,500,2100,DISABLED,DISABLED,1500,900,1500,N/A,DISABLED,53,914,1680,N/A,ENABLED,53,914,1680,N/A,ENABLED,53,914,1680,N/A,ENABLED,53,914,1680,N/A,ENABLED,44,711,1400,N/A,ENABLED,44,711,1400,N/A,ENABLED,44,711,1400,N/A,ENABLED,44,711,1400,N/A,ENABLED,N/A,60,61
1744599528,0,573,N/A,N/A,N/A,N/A,ENABLED,2070,500,2100,DISABLED,DISABLED,2058,500,2100,DISABLED,DISABLED,2079,500,2100,DISABLED,DISABLED,2077,500,2100,DISABLED,DISABLED,2084,500,2100,DISABLED,DISABLED,2079,500,2100,DISABLED,DISABLED,2076,500,2100,DISABLED,DISABLED,2078,500,2100,DISABLED,DISABLED,1500,900,1500,N/A,DISABLED,53,914,1680,N/A,ENABLED,53,914,1680,N/A,ENABLED,53,914,1680,N/A,ENABLED,53,914,1680,N/A,ENABLED,44,711,1400,N/A,ENABLED,44,711,1400,N/A,ENABLED,44,711,1400,N/A,ENABLED,44,711,1400,N/A,ENABLED,N/A,60,62
1744599529,0,574,N/A,N/A,N/A,N/A,ENABLED,2070,500,2100,DISABLED,DISABLED,2057,500,2100,DISABLED,DISABLED,2079,500,2100,DISABLED,DISABLED,2077,500,2100,DISABLED,DISABLED,2085,500,2100,DISABLED,DISABLED,2079,500,2100,DISABLED,DISABLED,2076,500,2100,DISABLED,DISABLED,2078,500,2100,DISABLED,DISABLED,1500,900,1500,N/A,DISABLED,53,914,1680,N/A,ENABLED,53,914,1680,N/A,ENABLED,53,914,1680,N/A,ENABLED,53,914,1680,N/A,ENABLED,44,711,1400,N/A,ENABLED,44,711,1400,N/A,ENABLED,44,711,1400,N/A,ENABLED,44,711,1400,N/A,ENABLED,N/A,60,62
1744599530,0,576,N/A,N/A,N/A,N/A,ENABLED,2070,500,2100,DISABLED,DISABLED,2058,500,2100,DISABLED,DISABLED,2079,500,2100,DISABLED,DISABLED,2077,500,2100,DISABLED,DISABLED,2085,500,2100,DISABLED,DISABLED,2079,500,2100,DISABLED,DISABLED,2076,500,2100,DISABLED,DISABLED,2079,500,2100,DISABLED,DISABLED,1500,900,1500,N/A,DISABLED,53,914,1680,N/A,ENABLED,53,914,1680,N/A,ENABLED,53,914,1680,N/A,ENABLED,53,914,1680,N/A,ENABLED,44,711,1400,N/A,ENABLED,44,711,1400,N/A,ENABLED,44,711,1400,N/A,ENABLED,44,711,1400,N/A,ENABLED,N/A,60,62
1744599531,0,574,N/A,N/A,N/A,N/A,ENABLED,2069,500,2100,DISABLED,DISABLED,2058,500,2100,DISABLED,DISABLED,2079,500,2100,DISABLED,DISABLED,2077,500,2100,DISABLED,DISABLED,2085,500,2100,DISABLED,DISABLED,2079,500,2100,DISABLED,DISABLED,2076,500,2100,DISABLED,DISABLED,2079,500,2100,DISABLED,DISABLED,1500,900,1500,N/A,DISABLED,53,914,1680,N/A,ENABLED,53,914,1680,N/A,ENABLED,53,914,1680,N/A,ENABLED,53,914,1680,N/A,ENABLED,44,711,1400,N/A,ENABLED,44,711,1400,N/A,ENABLED,44,711,1400,N/A,ENABLED,44,711,1400,N/A,ENABLED,N/A,60,62
1744599532,0,575,N/A,N/A,N/A,N/A,ENABLED,2070,500,2100,DISABLED,DISABLED,2057,500,2100,DISABLED,DISABLED,2079,500,2100,DISABLED,DISABLED,2077,500,2100,DISABLED,DISABLED,2085,500,2100,DISABLED,DISABLED,2079,500,2100,DISABLED,DISABLED,2076,500,2100,DISABLED,DISABLED,2078,500,2100,DISABLED,DISABLED,1500,900,1500,N/A,DISABLED,53,914,1680,N/A,ENABLED,53,914,1680,N/A,ENABLED,53,914,1680,N/A,ENABLED,53,914,1680,N/A,ENABLED,44,711,1400,N/A,ENABLED,44,711,1400,N/A,ENABLED,44,711,1400,N/A,ENABLED,44,711,1400,N/A,ENABLED,N/A,60,62
1744599534,0,575,N/A,N/A,N/A,N/A,ENABLED,2070,500,2100,DISABLED,DISABLED,2057,500,2100,DISABLED,DISABLED,2080,500,2100,DISABLED,DISABLED,2078,500,2100,DISABLED,DISABLED,2085,500,2100,DISABLED,DISABLED,2079,500,2100,DISABLED,DISABLED,2076,500,2100,DISABLED,DISABLED,2078,500,2100,DISABLED,DISABLED,1500,900,1500,N/A,DISABLED,53,914,1680,N/A,ENABLED,53,914,1680,N/A,ENABLED,53,914,1680,N/A,ENABLED,53,914,1680,N/A,ENABLED,44,711,1400,N/A,ENABLED,44,711,1400,N/A,ENABLED,44,711,1400,N/A,ENABLED,44,711,1400,N/A,ENABLED,N/A,61,63
1744599535,0,575,N/A,N/A,N/A,N/A,ENABLED,2070,500,2100,DISABLED,DISABLED,2057,500,2100,DISABLED,DISABLED,2079,500,2100,DISABLED,DISABLED,2077,500,2100,DISABLED,DISABLED,2085,500,2100,DISABLED,DISABLED,2078,500,2100,DISABLED,DISABLED,2077,500,2100,DISABLED,DISABLED,2078,500,2100,DISABLED,DISABLED,1500,900,1500,N/A,DISABLED,53,914,1680,N/A,ENABLED,53,914,1680,N/A,ENABLED,53,914,1680,N/A,ENABLED,53,914,1680,N/A,ENABLED,44,711,1400,N/A,ENABLED,44,711,1400,N/A,ENABLED,44,711,1400,N/A,ENABLED,44,711,1400,N/A,ENABLED,N/A,61,63
1744599536,0,576,N/A,N/A,N/A,N/A,ENABLED,2070,500,2100,DISABLED,DISABLED,2058,500,2100,DISABLED,DISABLED,2080,500,2100,DISABLED,DISABLED,2078,500,2100,DISABLED,DISABLED,2085,500,2100,DISABLED,DISABLED,2079,500,2100,DISABLED,DISABLED,2076,500,2100,DISABLED,DISABLED,2077,500,2100,DISABLED,DISABLED,1500,900,1500,N/A,DISABLED,53,914,1680,N/A,ENABLED,53,914,1680,N/A,ENABLED,53,914,1680,N/A,ENABLED,53,914,1680,N/A,ENABLED,44,711,1400,N/A,ENABLED,44,711,1400,N/A,ENABLED,44,711,1400,N/A,ENABLED,44,711,1400,N/A,ENABLED,N/A,61,63
1744599537,0,576,N/A,N/A,N/A,N/A,ENABLED,2070,500,2100,DISABLED,DISABLED,2057,500,2100,DISABLED,DISABLED,2079,500,2100,DISABLED,DISABLED,2079,500,2100,DISABLED,DISABLED,2085,500,2100,DISABLED,DISABLED,2079,500,2100,DISABLED,DISABLED,2076,500,2100,DISABLED,DISABLED,2077,500,2100,DISABLED,DISABLED,1500,900,1500,N/A,DISABLED,53,914,1680,N/A,ENABLED,53,914,1680,N/A,ENABLED,53,914,1680,N/A,ENABLED,53,914,1680,N/A,ENABLED,44,711,1400,N/A,ENABLED,44,711,1400,N/A,ENABLED,44,711,1400,N/A,ENABLED,44,711,1400,N/A,ENABLED,N/A,61,63
1744599538,0,577,N/A,N/A,N/A,N/A,ENABLED,2070,500,2100,DISABLED,DISABLED,2058,500,2100,DISABLED,DISABLED,2079,500,2100,DISABLED,DISABLED,2078,500,2100,DISABLED,DISABLED,2085,500,2100,DISABLED,DISABLED,2079,500,2100,DISABLED,DISABLED,2076,500,2100,DISABLED,DISABLED,2078,500,2100,DISABLED,DISABLED,1500,900,1500,N/A,DISABLED,53,914,1680,N/A,ENABLED,53,914,1680,N/A,ENABLED,53,914,1680,N/A,ENABLED,53,914,1680,N/A,ENABLED,44,711,1400,N/A,ENABLED,44,711,1400,N/A,ENABLED,44,711,1400,N/A,ENABLED,44,711,1400,N/A,ENABLED,N/A,61,63
1744599539,0,576,N/A,N/A,N/A,N/A,ENABLED,2069,500,2100,DISABLED,DISABLED,2057,500,2100,DISABLED,DISABLED,2080,500,2100,DISABLED,DISABLED,2079,500,2100,DISABLED,DISABLED,2085,500,2100,DISABLED,DISABLED,2078,500,2100,DISABLED,DISABLED,2076,500,2100,DISABLED,DISABLED,2077,500,2100,DISABLED,DISABLED,1500,900,1500,N/A,DISABLED,53,914,1680,N/A,ENABLED,53,914,1680,N/A,ENABLED,53,914,1680,N/A,ENABLED,53,914,1680,N/A,ENABLED,44,711,1400,N/A,ENABLED,44,711,1400,N/A,ENABLED,44,711,1400,N/A,ENABLED,44,711,1400,N/A,ENABLED,N/A,61,63
1744599541,0,577,N/A,N/A,N/A,N/A,ENABLED,2070,500,2100,DISABLED,DISABLED,2057,500,2100,DISABLED,DISABLED,2079,500,2100,DISABLED,DISABLED,2078,500,2100,DISABLED,DISABLED,2085,500,2100,DISABLED,DISABLED,2079,500,2100,DISABLED,DISABLED,2076,500,2100,DISABLED,DISABLED,2077,500,2100,DISABLED,DISABLED,1500,900,1500,N/A,DISABLED,53,914,1680,N/A,ENABLED,53,914,1680,N/A,ENABLED,53,914,1680,N/A,ENABLED,53,914,1680,N/A,ENABLED,44,711,1400,N/A,ENABLED,44,711,1400,N/A,ENABLED,44,711,1400,N/A,ENABLED,44,711,1400,N/A,ENABLED,N/A,61,63
1744599542,0,578,N/A,N/A,N/A,N/A,ENABLED,2070,500,2100,DISABLED,DISABLED,2057,500,2100,DISABLED,DISABLED,2079,500,2100,DISABLED,DISABLED,2078,500,2100,DISABLED,DISABLED,2085,500,2100,DISABLED,DISABLED,2079,500,2100,DISABLED,DISABLED,2076,500,2100,DISABLED,DISABLED,2078,500,2100,DISABLED,DISABLED,1500,900,1500,N/A,DISABLED,53,914,1680,N/A,ENABLED,53,914,1680,N/A,ENABLED,53,914,1680,N/A,ENABLED,53,914,1680,N/A,ENABLED,44,711,1400,N/A,ENABLED,44,711,1400,N/A,ENABLED,44,711,1400,N/A,ENABLED,44,711,1400,N/A,ENABLED,N/A,61,63
1744599543,0,575,N/A,N/A,N/A,N/A,ENABLED,2070,500,2100,DISABLED,DISABLED,2058,500,2100,DISABLED,DISABLED,2079,500,2100,DISABLED,DISABLED,2078,500,2100,DISABLED,DISABLED,2085,500,2100,DISABLED,DISABLED,2079,500,2100,DISABLED,DISABLED,2076,500,2100,DISABLED,DISABLED,2077,500,2100,DISABLED,DISABLED,1500,900,1500,N/A,DISABLED,53,914,1680,N/A,ENABLED,53,914,1680,N/A,ENABLED,53,914,1680,N/A,ENABLED,53,914,1680,N/A,ENABLED,44,711,1400,N/A,ENABLED,44,711,1400,N/A,ENABLED,44,711,1400,N/A,ENABLED,44,711,1400,N/A,ENABLED,N/A,61,63
1744599544,0,576,N/A,N/A,N/A,N/A,ENABLED,2070,500,2100,DISABLED,DISABLED,2058,500,2100,DISABLED,DISABLED,2079,500,2100,DISABLED,DISABLED,2078,500,2100,DISABLED,DISABLED,2085,500,2100,DISABLED,DISABLED,2079,500,2100,DISABLED,DISABLED,2076,500,2100,DISABLED,DISABLED,2078,500,2100,DISABLED,DISABLED,1500,900,1500,N/A,DISABLED,53,914,1680,N/A,ENABLED,53,914,1680,N/A,ENABLED,53,914,1680,N/A,ENABLED,53,914,1680,N/A,ENABLED,44,711,1400,N/A,ENABLED,44,711,1400,N/A,ENABLED,44,711,1400,N/A,ENABLED,44,711,1400,N/A,ENABLED,N/A,62,63
1744599545,0,577,N/A,N/A,N/A,N/A,ENABLED,2069,500,2100,DISABLED,DISABLED,2057,500,2100,DISABLED,DISABLED,2079,500,2100,DISABLED,DISABLED,2078,500,2100,DISABLED,DISABLED,2085,500,2100,DISABLED,DISABLED,2079,500,2100,DISABLED,DISABLED,2076,500,2100,DISABLED,DISABLED,2077,500,2100,DISABLED,DISABLED,1500,900,1500,N/A,DISABLED,53,914,1680,N/A,ENABLED,53,914,1680,N/A,ENABLED,53,914,1680,N/A,ENABLED,53,914,1680,N/A,ENABLED,44,711,1400,N/A,ENABLED,44,711,1400,N/A,ENABLED,44,711,1400,N/A,ENABLED,44,711,1400,N/A,ENABLED,N/A,62,63
1744599546,0,577,N/A,N/A,N/A,N/A,ENABLED,2070,500,2100,DISABLED,DISABLED,2057,500,2100,DISABLED,DISABLED,2079,500,2100,DISABLED,DISABLED,2078,500,2100,DISABLED,DISABLED,2085,500,2100,DISABLED,DISABLED,2079,500,2100,DISABLED,DISABLED,2077,500,2100,DISABLED,DISABLED,2078,500,2100,DISABLED,DISABLED,1500,900,1500,N/A,DISABLED,53,914,1680,N/A,ENABLED,53,914,1680,N/A,ENABLED,53,914,1680,N/A,ENABLED,53,914,1680,N/A,ENABLED,44,711,1400,N/A,ENABLED,44,711,1400,N/A,ENABLED,44,711,1400,N/A,ENABLED,44,711,1400,N/A,ENABLED,N/A,62,63
1744599548,0,576,N/A,N/A,N/A,N/A,ENABLED,2070,500,2100,DISABLED,DISABLED,2058,500,2100,DISABLED,DISABLED,2079,500,2100,DISABLED,DISABLED,2079,500,2100,DISABLED,DISABLED,2085,500,2100,DISABLED,DISABLED,2079,500,2100,DISABLED,DISABLED,2077,500,2100,DISABLED,DISABLED,2077,500,2100,DISABLED,DISABLED,1500,900,1500,N/A,DISABLED,53,914,1680,N/A,ENABLED,53,914,1680,N/A,ENABLED,53,914,1680,N/A,ENABLED,53,914,1680,N/A,ENABLED,44,711,1400,N/A,ENABLED,44,711,1400,N/A,ENABLED,44,711,1400,N/A,ENABLED,44,711,1400,N/A,ENABLED,N/A,62,64
1744599549,0,578,N/A,N/A,N/A,N/A,ENABLED,2070,500,2100,DISABLED,DISABLED,2058,500,2100,DISABLED,DISABLED,2079,500,2100,DISABLED,DISABLED,2079,500,2100,DISABLED,DISABLED,2085,500,2100,DISABLED,DISABLED,2079,500,2100,DISABLED,DISABLED,2077,500,2100,DISABLED,DISABLED,2078,500,2100,DISABLED,DISABLED,1500,900,1500,N/A,DISABLED,53,914,1680,N/A,ENABLED,53,914,1680,N/A,ENABLED,53,914,1680,N/A,ENABLED,53,914,1680,N/A,ENABLED,44,711,1400,N/A,ENABLED,44,711,1400,N/A,ENABLED,44,711,1400,N/A,ENABLED,44,711,1400,N/A,ENABLED,N/A,62,64
1744599550,0,579,N/A,N/A,N/A,N/A,ENABLED,2070,500,2100,DISABLED,DISABLED,2058,500,2100,DISABLED,DISABLED,2079,500,2100,DISABLED,DISABLED,2078,500,2100,DISABLED,DISABLED,2085,500,2100,DISABLED,DISABLED,2079,500,2100,DISABLED,DISABLED,2077,500,2100,DISABLED,DISABLED,2077,500,2100,DISABLED,DISABLED,1500,900,1500,N/A,DISABLED,53,914,1680,N/A,ENABLED,53,914,1680,N/A,ENABLED,53,914,1680,N/A,ENABLED,53,914,1680,N/A,ENABLED,44,711,1400,N/A,ENABLED,44,711,1400,N/A,ENABLED,44,711,1400,N/A,ENABLED,44,711,1400,N/A,ENABLED,N/A,62,64
1744599551,0,579,N/A,N/A,N/A,N/A,ENABLED,2070,500,2100,DISABLED,DISABLED,2058,500,2100,DISABLED,DISABLED,2079,500,2100,DISABLED,DISABLED,2078,500,2100,DISABLED,DISABLED,2085,500,2100,DISABLED,DISABLED,2078,500,2100,DISABLED,DISABLED,2076,500,2100,DISABLED,DISABLED,2077,500,2100,DISABLED,DISABLED,1500,900,1500,N/A,DISABLED,53,914,1680,N/A,ENABLED,53,914,1680,N/A,ENABLED,53,914,1680,N/A,ENABLED,53,914,1680,N/A,ENABLED,44,711,1400,N/A,ENABLED,44,711,1400,N/A,ENABLED,44,711,1400,N/A,ENABLED,44,711,1400,N/A,ENABLED,N/A,62,64
1744599552,0,577,N/A,N/A,N/A,N/A,ENABLED,2070,500,2100,DISABLED,DISABLED,2058,500,2100,DISABLED,DISABLED,2079,500,2100,DISABLED,DISABLED,2078,500,2100,DISABLED,DISABLED,2084,500,2100,DISABLED,DISABLED,2079,500,2100,DISABLED,DISABLED,2076,500,2100,DISABLED,DISABLED,2078,500,2100,DISABLED,DISABLED,1500,900,1500,N/A,DISABLED,53,914,1680,N/A,ENABLED,53,914,1680,N/A,ENABLED,53,914,1680,N/A,ENABLED,53,914,1680,N/A,ENABLED,44,711,1400,N/A,ENABLED,44,711,1400,N/A,ENABLED,44,711,1400,N/A,ENABLED,44,711,1400,N/A,ENABLED,N/A,62,64
1744599554,0,580,N/A,N/A,N/A,N/A,ENABLED,2069,500,2100,DISABLED,DISABLED,2057,500,2100,DISABLED,DISABLED,2079,500,2100,DISABLED,DISABLED,2079,500,2100,DISABLED,DISABLED,2084,500,2100,DISABLED,DISABLED,2079,500,2100,DISABLED,DISABLED,2076,500,2100,DISABLED,DISABLED,2078,500,2100,DISABLED,DISABLED,1500,900,1500,N/A,DISABLED,53,914,1680,N/A,ENABLED,53,914,1680,N/A,ENABLED,53,914,1680,N/A,ENABLED,53,914,1680,N/A,ENABLED,44,711,1400,N/A,ENABLED,44,711,1400,N/A,ENABLED,44,711,1400,N/A,ENABLED,44,711,1400,N/A,ENABLED,N/A,62,64
1744599555,0,579,N/A,N/A,N/A,N/A,ENABLED,2069,500,2100,DISABLED,DISABLED,2057,500,2100,DISABLED,DISABLED,2079,500,2100,DISABLED,DISABLED,2078,500,2100,DISABLED,DISABLED,2085,500,2100,DISABLED,DISABLED,2079,500,2100,DISABLED,DISABLED,2076,500,2100,DISABLED,DISABLED,2078,500,2100,DISABLED,DISABLED,1500,900,1500,N/A,DISABLED,53,914,1680,N/A,ENABLED,53,914,1680,N/A,ENABLED,53,914,1680,N/A,ENABLED,53,914,1680,N/A,ENABLED,44,711,1400,N/A,ENABLED,44,711,1400,N/A,ENABLED,44,711,1400,N/A,ENABLED,44,711,1400,N/A,ENABLED,N/A,62,64
1744599556,0,579,N/A,N/A,N/A,N/A,ENABLED,2070,500,2100,DISABLED,DISABLED,2057,500,2100,DISABLED,DISABLED,2079,500,2100,DISABLED,DISABLED,2078,500,2100,DISABLED,DISABLED,2085,500,2100,DISABLED,DISABLED,2079,500,2100,DISABLED,DISABLED,2076,500,2100,DISABLED,DISABLED,2078,500,2100,DISABLED,DISABLED,1500,900,1500,N/A,DISABLED,53,914,1680,N/A,ENABLED,53,914,1680,N/A,ENABLED,53,914,1680,N/A,ENABLED,53,914,1680,N/A,ENABLED,44,711,1400,N/A,ENABLED,44,711,1400,N/A,ENABLED,44,711,1400,N/A,ENABLED,44,711,1400,N/A,ENABLED,N/A,62,64
1744599557,0,579,N/A,N/A,N/A,N/A,ENABLED,2069,500,2100,DISABLED,DISABLED,2057,500,2100,DISABLED,DISABLED,2079,500,2100,DISABLED,DISABLED,2078,500,2100,DISABLED,DISABLED,2085,500,2100,DISABLED,DISABLED,2079,500,2100,DISABLED,DISABLED,2076,500,2100,DISABLED,DISABLED,2078,500,2100,DISABLED,DISABLED,1500,900,1500,N/A,DISABLED,53,914,1680,N/A,ENABLED,53,914,1680,N/A,ENABLED,53,914,1680,N/A,ENABLED,53,914,1680,N/A,ENABLED,44,711,1400,N/A,ENABLED,44,711,1400,N/A,ENABLED,44,711,1400,N/A,ENABLED,44,711,1400,N/A,ENABLED,N/A,63,64
1744599558,0,580,N/A,N/A,N/A,N/A,ENABLED,2069,500,2100,DISABLED,DISABLED,2057,500,2100,DISABLED,DISABLED,2079,500,2100,DISABLED,DISABLED,2078,500,2100,DISABLED,DISABLED,2085,500,2100,DISABLED,DISABLED,2079,500,2100,DISABLED,DISABLED,2076,500,2100,DISABLED,DISABLED,2078,500,2100,DISABLED,DISABLED,1500,900,1500,N/A,DISABLED,53,914,1680,N/A,ENABLED,53,914,1680,N/A,ENABLED,53,914,1680,N/A,ENABLED,53,914,1680,N/A,ENABLED,44,711,1400,N/A,ENABLED,44,711,1400,N/A,ENABLED,44,711,1400,N/A,ENABLED,44,711,1400,N/A,ENABLED,N/A,63,64
1744599559,0,579,N/A,N/A,N/A,N/A,ENABLED,2069,500,2100,DISABLED,DISABLED,2057,500,2100,DISABLED,DISABLED,2079,500,2100,DISABLED,DISABLED,2079,500,2100,DISABLED,DISABLED,2085,500,2100,DISABLED,DISABLED,2078,500,2100,DISABLED,DISABLED,2077,500,2100,DISABLED,DISABLED,2078,500,2100,DISABLED,DISABLED,1500,900,1500,N/A,DISABLED,53,914,1680,N/A,ENABLED,53,914,1680,N/A,ENABLED,53,914,1680,N/A,ENABLED,53,914,1680,N/A,ENABLED,44,711,1400,N/A,ENABLED,44,711,1400,N/A,ENABLED,44,711,1400,N/A,ENABLED,44,711,1400,N/A,ENABLED,N/A,63,65
1744599561,0,579,N/A,N/A,N/A,N/A,ENABLED,2069,500,2100,DISABLED,DISABLED,2058,500,2100,DISABLED,DISABLED,2079,500,2100,DISABLED,DISABLED,2079,500,2100,DISABLED,DISABLED,2085,500,2100,DISABLED,DISABLED,2078,500,2100,DISABLED,DISABLED,2077,500,2100,DISABLED,DISABLED,2078,500,2100,DISABLED,DISABLED,1500,900,1500,N/A,DISABLED,53,914,1680,N/A,ENABLED,53,914,1680,N/A,ENABLED,53,914,1680,N/A,ENABLED,53,914,1680,N/A,ENABLED,44,711,1400,N/A,ENABLED,44,711,1400,N/A,ENABLED,44,711,1400,N/A,ENABLED,44,711,1400,N/A,ENABLED,N/A,63,64
1744599562,0,580,N/A,N/A,N/A,N/A,ENABLED,2069,500,2100,DISABLED,DISABLED,2057,500,2100,DISABLED,DISABLED,2080,500,2100,DISABLED,DISABLED,2079,500,2100,DISABLED,DISABLED,2086,500,2100,DISABLED,DISABLED,2079,500,2100,DISABLED,DISABLED,2076,500,2100,DISABLED,DISABLED,2077,500,2100,DISABLED,DISABLED,1500,900,1500,N/A,DISABLED,53,914,1680,N/A,ENABLED,53,914,1680,N/A,ENABLED,53,914,1680,N/A,ENABLED,53,914,1680,N/A,ENABLED,44,711,1400,N/A,ENABLED,44,711,1400,N/A,ENABLED,44,711,1400,N/A,ENABLED,44,711,1400,N/A,ENABLED,N/A,63,64
1744599563,0,580,N/A,N/A,N/A,N/A,ENABLED,2069,500,2100,DISABLED,DISABLED,2057,500,2100,DISABLED,DISABLED,2079,500,2100,DISABLED,DISABLED,2079,500,2100,DISABLED,DISABLED,2086,500,2100,DISABLED,DISABLED,2078,500,2100,DISABLED,DISABLED,2076,500,2100,DISABLED,DISABLED,2077,500,2100,DISABLED,DISABLED,1500,900,1500,N/A,DISABLED,53,914,1680,N/A,ENABLED,53,914,1680,N/A,ENABLED,53,914,1680,N/A,ENABLED,53,914,1680,N/A,ENABLED,44,711,1400,N/A,ENABLED,44,711,1400,N/A,ENABLED,44,711,1400,N/A,ENABLED,44,711,1400,N/A,ENABLED,N/A,63,65
1744599564,0,580,N/A,N/A,N/A,N/A,ENABLED,2069,500,2100,DISABLED,DISABLED,2057,500,2100,DISABLED,DISABLED,2079,500,2100,DISABLED,DISABLED,2079,500,2100,DISABLED,DISABLED,2086,500,2100,DISABLED,DISABLED,2079,500,2100,DISABLED,DISABLED,2076,500,2100,DISABLED,DISABLED,2078,500,2100,DISABLED,DISABLED,1500,900,1500,N/A,DISABLED,53,914,1680,N/A,ENABLED,53,914,1680,N/A,ENABLED,53,914,1680,N/A,ENABLED,53,914,1680,N/A,ENABLED,44,711,1400,N/A,ENABLED,44,711,1400,N/A,ENABLED,44,711,1400,N/A,ENABLED,44,711,1400,N/A,ENABLED,N/A,63,65
1744599565,0,581,N/A,N/A,N/A,N/A,ENABLED,2069,500,2100,DISABLED,DISABLED,2057,500,2100,DISABLED,DISABLED,2079,500,2100,DISABLED,DISABLED,2079,500,2100,DISABLED,DISABLED,2086,500,2100,DISABLED,DISABLED,2079,500,2100,DISABLED,DISABLED,2076,500,2100,DISABLED,DISABLED,2078,500,2100,DISABLED,DISABLED,1500,900,1500,N/A,DISABLED,53,914,1680,N/A,ENABLED,53,914,1680,N/A,ENABLED,53,914,1680,N/A,ENABLED,53,914,1680,N/A,ENABLED,44,711,1400,N/A,ENABLED,44,711,1400,N/A,ENABLED,44,711,1400,N/A,ENABLED,44,711,1400,N/A,ENABLED,N/A,63,65
1744599566,0,580,N/A,N/A,N/A,N/A,ENABLED,2070,500,2100,DISABLED,DISABLED,2057,500,2100,DISABLED,DISABLED,2079,500,2100,DISABLED,DISABLED,2079,500,2100,DISABLED,DISABLED,2085,500,2100,DISABLED,DISABLED,2077,500,2100,DISABLED,DISABLED,2076,500,2100,DISABLED,DISABLED,2077,500,2100,DISABLED,DISABLED,1500,900,1500,N/A,DISABLED,53,914,1680,N/A,ENABLED,53,914,1680,N/A,ENABLED,53,914,1680,N/A,ENABLED,53,914,1680,N/A,ENABLED,44,711,1400,N/A,ENABLED,44,711,1400,N/A,ENABLED,44,711,1400,N/A,ENABLED,44,711,1400,N/A,ENABLED,N/A,63,65
1744599568,0,581,N/A,N/A,N/A,N/A,ENABLED,2069,500,2100,DISABLED,DISABLED,2057,500,2100,DISABLED,DISABLED,2079,500,2100,DISABLED,DISABLED,2079,500,2100,DISABLED,DISABLED,2084,500,2100,DISABLED,DISABLED,2075,500,2100,DISABLED,DISABLED,2076,500,2100,DISABLED,DISABLED,2077,500,2100,DISABLED,DISABLED,1500,900,1500,N/A,DISABLED,53,914,1680,N/A,ENABLED,53,914,1680,N/A,ENABLED,53,914,1680,N/A,ENABLED,53,914,1680,N/A,ENABLED,44,711,1400,N/A,ENABLED,44,711,1400,N/A,ENABLED,44,711,1400,N/A,ENABLED,44,711,1400,N/A,ENABLED,N/A,63,65
1744599569,0,580,N/A,N/A,N/A,N/A,ENABLED,2069,500,2100,DISABLED,DISABLED,2057,500,2100,DISABLED,DISABLED,2079,500,2100,DISABLED,DISABLED,2079,500,2100,DISABLED,DISABLED,2084,500,2100,DISABLED,DISABLED,2075,500,2100,DISABLED,DISABLED,2076,500,2100,DISABLED,DISABLED,2077,500,2100,DISABLED,DISABLED,1500,900,1500,N/A,DISABLED,53,914,1680,N/A,ENABLED,53,914,1680,N/A,ENABLED,53,914,1680,N/A,ENABLED,53,914,1680,N/A,ENABLED,44,711,1400,N/A,ENABLED,44,711,1400,N/A,ENABLED,44,711,1400,N/A,ENABLED,44,711,1400,N/A,ENABLED,N/A,63,65
1744599570,0,582,N/A,N/A,N/A,N/A,ENABLED,2069,500,2100,DISABLED,DISABLED,2058,500,2100,DISABLED,DISABLED,2079,500,2100,DISABLED,DISABLED,2079,500,2100,DISABLED,DISABLED,2083,500,2100,DISABLED,DISABLED,2073,500,2100,DISABLED,DISABLED,2077,500,2100,DISABLED,DISABLED,2077,500,2100,DISABLED,DISABLED,1500,900,1500,N/A,DISABLED,53,914,1680,N/A,ENABLED,53,914,1680,N/A,ENABLED,53,914,1680,N/A,ENABLED,53,914,1680,N/A,ENABLED,44,711,1400,N/A,ENABLED,44,711,1400,N/A,ENABLED,44,711,1400,N/A,ENABLED,44,711,1400,N/A,ENABLED,N/A,63,65
1744599571,0,581,N/A,N/A,N/A,N/A,ENABLED,2069,500,2100,DISABLED,DISABLED,2057,500,2100,DISABLED,DISABLED,2078,500,2100,DISABLED,DISABLED,2078,500,2100,DISABLED,DISABLED,2084,500,2100,DISABLED,DISABLED,2073,500,2100,DISABLED,DISABLED,2076,500,2100,DISABLED,DISABLED,2077,500,2100,DISABLED,DISABLED,1500,900,1500,N/A,DISABLED,53,914,1680,N/A,ENABLED,53,914,1680,N/A,ENABLED,53,914,1680,N/A,ENABLED,53,914,1680,N/A,ENABLED,44,711,1400,N/A,ENABLED,44,711,1400,N/A,ENABLED,44,711,1400,N/A,ENABLED,44,711,1400,N/A,ENABLED,N/A,63,65
1744599572,0,579,N/A,N/A,N/A,N/A,ENABLED,2069,500,2100,DISABLED,DISABLED,2058,500,2100,DISABLED,DISABLED,2079,500,2100,DISABLED,DISABLED,2078,500,2100,DISABLED,DISABLED,2084,500,2100,DISABLED,DISABLED,2074,500,2100,DISABLED,DISABLED,2076,500,2100,DISABLED,DISABLED,2078,500,2100,DISABLED,DISABLED,1500,900,1500,N/A,DISABLED,53,914,1680,N/A,ENABLED,53,914,1680,N/A,ENABLED,53,914,1680,N/A,ENABLED,53,914,1680,N/A,ENABLED,44,711,1400,N/A,ENABLED,44,711,1400,N/A,ENABLED,44,711,1400,N/A,ENABLED,44,711,1400,N/A,ENABLED,N/A,63,65
1744599574,0,578,N/A,N/A,N/A,N/A,ENABLED,2069,500,2100,DISABLED,DISABLED,2057,500,2100,DISABLED,DISABLED,2079,500,2100,DISABLED,DISABLED,2078,500,2100,DISABLED,DISABLED,2084,500,2100,DISABLED,DISABLED,2073,500,2100,DISABLED,DISABLED,2075,500,2100,DISABLED,DISABLED,2077,500,2100,DISABLED,DISABLED,1500,900,1500,N/A,DISABLED,53,914,1680,N/A,ENABLED,53,914,1680,N/A,ENABLED,53,914,1680,N/A,ENABLED,53,914,1680,N/A,ENABLED,44,711,1400,N/A,ENABLED,44,711,1400,N/A,ENABLED,44,711,1400,N/A,ENABLED,44,711,1400,N/A,ENABLED,N/A,63,65
1744599575,0,578,N/A,N/A,N/A,N/A,ENABLED,2069,500,2100,DISABLED,DISABLED,2058,500,2100,DISABLED,DISABLED,2079,500,2100,DISABLED,DISABLED,2078,500,2100,DISABLED,DISABLED,2084,500,2100,DISABLED,DISABLED,2073,500,2100,DISABLED,DISABLED,2076,500,2100,DISABLED,DISABLED,2077,500,2100,DISABLED,DISABLED,1500,900,1500,N/A,DISABLED,53,914,1680,N/A,ENABLED,53,914,1680,N/A,ENABLED,53,914,1680,N/A,ENABLED,53,914,1680,N/A,ENABLED,44,711,1400,N/A,ENABLED,44,711,1400,N/A,ENABLED,44,711,1400,N/A,ENABLED,44,711,1400,N/A,ENABLED,N/A,63,65
1744599576,0,582,N/A,N/A,N/A,N/A,ENABLED,2069,500,2100,DISABLED,DISABLED,2058,500,2100,DISABLED,DISABLED,2079,500,2100,DISABLED,DISABLED,2079,500,2100,DISABLED,DISABLED,2084,500,2100,DISABLED,DISABLED,2073,500,2100,DISABLED,DISABLED,2076,500,2100,DISABLED,DISABLED,2077,500,2100,DISABLED,DISABLED,1500,900,1500,N/A,DISABLED,53,914,1680,N/A,ENABLED,53,914,1680,N/A,ENABLED,53,914,1680,N/A,ENABLED,53,914,1680,N/A,ENABLED,44,711,1400,N/A,ENABLED,44,711,1400,N/A,ENABLED,44,711,1400,N/A,ENABLED,44,711,1400,N/A,ENABLED,N/A,64,65
1744599577,0,581,N/A,N/A,N/A,N/A,ENABLED,2069,500,2100,DISABLED,DISABLED,2057,500,2100,DISABLED,DISABLED,2078,500,2100,DISABLED,DISABLED,2078,500,2100,DISABLED,DISABLED,2084,500,2100,DISABLED,DISABLED,2073,500,2100,DISABLED,DISABLED,2075,500,2100,DISABLED,DISABLED,2077,500,2100,DISABLED,DISABLED,1500,900,1500,N/A,DISABLED,53,914,1680,N/A,ENABLED,53,914,1680,N/A,ENABLED,53,914,1680,N/A,ENABLED,53,914,1680,N/A,ENABLED,44,711,1400,N/A,ENABLED,44,711,1400,N/A,ENABLED,44,711,1400,N/A,ENABLED,44,711,1400,N/A,ENABLED,N/A,64,66
1744599578,0,582,N/A,N/A,N/A,N/A,ENABLED,2069,500,2100,DISABLED,DISABLED,2058,500,2100,DISABLED,DISABLED,2079,500,2100,DISABLED,DISABLED,2078,500,2100,DISABLED,DISABLED,2084,500,2100,DISABLED,DISABLED,2073,500,2100,DISABLED,DISABLED,2076,500,2100,DISABLED,DISABLED,2077,500,2100,DISABLED,DISABLED,1500,900,1500,N/A,DISABLED,53,914,1680,N/A,ENABLED,53,914,1680,N/A,ENABLED,53,914,1680,N/A,ENABLED,53,914,1680,N/A,ENABLED,44,711,1400,N/A,ENABLED,44,711,1400,N/A,ENABLED,44,711,1400,N/A,ENABLED,44,711,1400,N/A,ENABLED,N/A,64,65
1744599579,0,581,N/A,N/A,N/A,N/A,ENABLED,2069,500,2100,DISABLED,DISABLED,2057,500,2100,DISABLED,DISABLED,2079,500,2100,DISABLED,DISABLED,2079,500,2100,DISABLED,DISABLED,2084,500,2100,DISABLED,DISABLED,2073,500,2100,DISABLED,DISABLED,2076,500,2100,DISABLED,DISABLED,2077,500,2100,DISABLED,DISABLED,1500,900,1500,N/A,DISABLED,53,914,1680,N/A,ENABLED,53,914,1680,N/A,ENABLED,53,914,1680,N/A,ENABLED,53,914,1680,N/A,ENABLED,44,711,1400,N/A,ENABLED,44,711,1400,N/A,ENABLED,44,711,1400,N/A,ENABLED,44,711,1400,N/A,ENABLED,N/A,64,65
1744599581,0,581,N/A,N/A,N/A,N/A,ENABLED,2069,500,2100,DISABLED,DISABLED,2057,500,2100,DISABLED,DISABLED,2079,500,2100,DISABLED,DISABLED,2079,500,2100,DISABLED,DISABLED,2084,500,2100,DISABLED,DISABLED,2073,500,2100,DISABLED,DISABLED,2076,500,2100,DISABLED,DISABLED,2077,500,2100,DISABLED,DISABLED,1500,900,1500,N/A,DISABLED,53,914,1680,N/A,ENABLED,53,914,1680,N/A,ENABLED,53,914,1680,N/A,ENABLED,53,914,1680,N/A,ENABLED,44,711,1400,N/A,ENABLED,44,711,1400,N/A,ENABLED,44,711,1400,N/A,ENABLED,44,711,1400,N/A,ENABLED,N/A,64,66
1744599582,0,581,N/A,N/A,N/A,N/A,ENABLED,2069,500,2100,DISABLED,DISABLED,2057,500,2100,DISABLED,DISABLED,2079,500,2100,DISABLED,DISABLED,2079,500,2100,DISABLED,DISABLED,2084,500,2100,DISABLED,DISABLED,2074,500,2100,DISABLED,DISABLED,2076,500,2100,DISABLED,DISABLED,2077,500,2100,DISABLED,DISABLED,1500,900,1500,N/A,DISABLED,53,914,1680,N/A,ENABLED,53,914,1680,N/A,ENABLED,53,914,1680,N/A,ENABLED,53,914,1680,N/A,ENABLED,44,711,1400,N/A,ENABLED,44,711,1400,N/A,ENABLED,44,711,1400,N/A,ENABLED,44,711,1400,N/A,ENABLED,N/A,64,66
1744599583,0,581,N/A,N/A,N/A,N/A,ENABLED,2069,500,2100,DISABLED,DISABLED,2058,500,2100,DISABLED,DISABLED,2079,500,2100,DISABLED,DISABLED,2079,500,2100,DISABLED,DISABLED,2083,500,2100,DISABLED,DISABLED,2074,500,2100,DISABLED,DISABLED,2076,500,2100,DISABLED,DISABLED,2077,500,2100,DISABLED,DISABLED,1500,900,1500,N/A,DISABLED,53,914,1680,N/A,ENABLED,53,914,1680,N/A,ENABLED,53,914,1680,N/A,ENABLED,53,914,1680,N/A,ENABLED,44,711,1400,N/A,ENABLED,44,711,1400,N/A,ENABLED,44,711,1400,N/A,ENABLED,44,711,1400,N/A,ENABLED,N/A,64,66
1744599584,0,581,N/A,N/A,N/A,N/A,ENABLED,2069,500,2100,DISABLED,DISABLED,2057,500,2100,DISABLED,DISABLED,2079,500,2100,DISABLED,DISABLED,2079,500,2100,DISABLED,DISABLED,2084,500,2100,DISABLED,DISABLED,2074,500,2100,DISABLED,DISABLED,2076,500,2100,DISABLED,DISABLED,2077,500,2100,DISABLED,DISABLED,1500,900,1500,N/A,DISABLED,53,914,1680,N/A,ENABLED,53,914,1680,N/A,ENABLED,53,914,1680,N/A,ENABLED,53,914,1680,N/A,ENABLED,44,711,1400,N/A,ENABLED,44,711,1400,N/A,ENABLED,44,711,1400,N/A,ENABLED,44,711,1400,N/A,ENABLED,N/A,64,66
1744599585,0,581,N/A,N/A,N/A,N/A,ENABLED,2069,500,2100,DISABLED,DISABLED,2058,500,2100,DISABLED,DISABLED,2079,500,2100,DISABLED,DISABLED,2079,500,2100,DISABLED,DISABLED,2084,500,2100,DISABLED,DISABLED,2074,500,2100,DISABLED,DISABLED,2076,500,2100,DISABLED,DISABLED,2077,500,2100,DISABLED,DISABLED,1500,900,1500,N/A,DISABLED,53,914,1680,N/A,ENABLED,53,914,1680,N/A,ENABLED,53,914,1680,N/A,ENABLED,53,914,1680,N/A,ENABLED,44,711,1400,N/A,ENABLED,44,711,1400,N/A,ENABLED,44,711,1400,N/A,ENABLED,44,711,1400,N/A,ENABLED,N/A,64,66
1744599586,0,581,N/A,N/A,N/A,N/A,ENABLED,2069,500,2100,DISABLED,DISABLED,2057,500,2100,DISABLED,DISABLED,2079,500,2100,DISABLED,DISABLED,2079,500,2100,DISABLED,DISABLED,2084,500,2100,DISABLED,DISABLED,2073,500,2100,DISABLED,DISABLED,2077,500,2100,DISABLED,DISABLED,2077,500,2100,DISABLED,DISABLED,1500,900,1500,N/A,DISABLED,53,914,1680,N/A,ENABLED,53,914,1680,N/A,ENABLED,53,914,1680,N/A,ENABLED,53,914,1680,N/A,ENABLED,44,711,1400,N/A,ENABLED,44,711,1400,N/A,ENABLED,44,711,1400,N/A,ENABLED,44,711,1400,N/A,ENABLED,N/A,64,66
1744599588,0,581,N/A,N/A,N/A,N/A,ENABLED,2069,500,2100,DISABLED,DISABLED,2057,500,2100,DISABLED,DISABLED,2079,500,2100,DISABLED,DISABLED,2078,500,2100,DISABLED,DISABLED,2083,500,2100,DISABLED,DISABLED,2074,500,2100,DISABLED,DISABLED,2076,500,2100,DISABLED,DISABLED,2078,500,2100,DISABLED,DISABLED,1500,900,1500,N/A,DISABLED,53,914,1680,N/A,ENABLED,53,914,1680,N/A,ENABLED,53,914,1680,N/A,ENABLED,53,914,1680,N/A,ENABLED,44,711,1400,N/A,ENABLED,44,711,1400,N/A,ENABLED,44,711,1400,N/A,ENABLED,44,711,1400,N/A,ENABLED,N/A,64,66
1744599589,0,583,N/A,N/A,N/A,N/A,ENABLED,2069,500,2100,DISABLED,DISABLED,2057,500,2100,DISABLED,DISABLED,2079,500,2100,DISABLED,DISABLED,2078,500,2100,DISABLED,DISABLED,2084,500,2100,DISABLED,DISABLED,2074,500,2100,DISABLED,DISABLED,2076,500,2100,DISABLED,DISABLED,2077,500,2100,DISABLED,DISABLED,1500,900,1500,N/A,DISABLED,53,914,1680,N/A,ENABLED,53,914,1680,N/A,ENABLED,53,914,1680,N/A,ENABLED,53,914,1680,N/A,ENABLED,44,711,1400,N/A,ENABLED,44,711,1400,N/A,ENABLED,44,711,1400,N/A,ENABLED,44,711,1400,N/A,ENABLED,N/A,64,66
1744599590,0,581,N/A,N/A,N/A,N/A,ENABLED,2069,500,2100,DISABLED,DISABLED,2057,500,2100,DISABLED,DISABLED,2079,500,2100,DISABLED,DISABLED,2078,500,2100,DISABLED,DISABLED,2084,500,2100,DISABLED,DISABLED,2074,500,2100,DISABLED,DISABLED,2076,500,2100,DISABLED,DISABLED,2077,500,2100,DISABLED,DISABLED,1500,900,1500,N/A,DISABLED,53,914,1680,N/A,ENABLED,53,914,1680,N/A,ENABLED,53,914,1680,N/A,ENABLED,53,914,1680,N/A,ENABLED,44,711,1400,N/A,ENABLED,44,711,1400,N/A,ENABLED,44,711,1400,N/A,ENABLED,44,711,1400,N/A,ENABLED,N/A,64,66
1744599591,0,582,N/A,N/A,N/A,N/A,ENABLED,2069,500,2100,DISABLED,DISABLED,2057,500,2100,DISABLED,DISABLED,2079,500,2100,DISABLED,DISABLED,2077,500,2100,DISABLED,DISABLED,2084,500,2100,DISABLED,DISABLED,2074,500,2100,DISABLED,DISABLED,2076,500,2100,DISABLED,DISABLED,2077,500,2100,DISABLED,DISABLED,1500,900,1500,N/A,DISABLED,53,914,1680,N/A,ENABLED,53,914,1680,N/A,ENABLED,53,914,1680,N/A,ENABLED,53,914,1680,N/A,ENABLED,44,711,1400,N/A,ENABLED,44,711,1400,N/A,ENABLED,44,711,1400,N/A,ENABLED,44,711,1400,N/A,ENABLED,N/A,64,66
1744599592,0,582,N/A,N/A,N/A,N/A,ENABLED,2069,500,2100,DISABLED,DISABLED,2057,500,2100,DISABLED,DISABLED,2079,500,2100,DISABLED,DISABLED,2078,500,2100,DISABLED,DISABLED,2084,500,2100,DISABLED,DISABLED,2074,500,2100,DISABLED,DISABLED,2076,500,2100,DISABLED,DISABLED,2078,500,2100,DISABLED,DISABLED,1500,900,1500,N/A,DISABLED,53,914,1680,N/A,ENABLED,53,914,1680,N/A,ENABLED,53,914,1680,N/A,ENABLED,53,914,1680,N/A,ENABLED,44,711,1400,N/A,ENABLED,44,711,1400,N/A,ENABLED,44,711,1400,N/A,ENABLED,44,711,1400,N/A,ENABLED,N/A,64,66
1744599594,0,582,N/A,N/A,N/A,N/A,ENABLED,2069,500,2100,DISABLED,DISABLED,2057,500,2100,DISABLED,DISABLED,2078,500,2100,DISABLED,DISABLED,2078,500,2100,DISABLED,DISABLED,2084,500,2100,DISABLED,DISABLED,2074,500,2100,DISABLED,DISABLED,2076,500,2100,DISABLED,DISABLED,2078,500,2100,DISABLED,DISABLED,1500,900,1500,N/A,DISABLED,53,914,1680,N/A,ENABLED,53,914,1680,N/A,ENABLED,53,914,1680,N/A,ENABLED,53,914,1680,N/A,ENABLED,44,711,1400,N/A,ENABLED,44,711,1400,N/A,ENABLED,44,711,1400,N/A,ENABLED,44,711,1400,N/A,ENABLED,N/A,64,66
1744599595,0,581,N/A,N/A,N/A,N/A,ENABLED,2069,500,2100,DISABLED,DISABLED,2057,500,2100,DISABLED,DISABLED,2079,500,2100,DISABLED,DISABLED,2078,500,2100,DISABLED,DISABLED,2084,500,2100,DISABLED,DISABLED,2074,500,2100,DISABLED,DISABLED,2076,500,2100,DISABLED,DISABLED,2077,500,2100,DISABLED,DISABLED,1500,900,1500,N/A,DISABLED,53,914,1680,N/A,ENABLED,53,914,1680,N/A,ENABLED,53,914,1680,N/A,ENABLED,53,914,1680,N/A,ENABLED,44,711,1400,N/A,ENABLED,44,711,1400,N/A,ENABLED,44,711,1400,N/A,ENABLED,44,711,1400,N/A,ENABLED,N/A,64,66
1744599596,0,583,N/A,N/A,N/A,N/A,ENABLED,2069,500,2100,DISABLED,DISABLED,2057,500,2100,DISABLED,DISABLED,2079,500,2100,DISABLED,DISABLED,2078,500,2100,DISABLED,DISABLED,2084,500,2100,DISABLED,DISABLED,2074,500,2100,DISABLED,DISABLED,2075,500,2100,DISABLED,DISABLED,2077,500,2100,DISABLED,DISABLED,1500,900,1500,N/A,DISABLED,53,914,1680,N/A,ENABLED,53,914,1680,N/A,ENABLED,53,914,1680,N/A,ENABLED,53,914,1680,N/A,ENABLED,44,711,1400,N/A,ENABLED,44,711,1400,N/A,ENABLED,44,711,1400,N/A,ENABLED,44,711,1400,N/A,ENABLED,N/A,64,66
1744599597,0,581,N/A,N/A,N/A,N/A,ENABLED,2069,500,2100,DISABLED,DISABLED,2058,500,2100,DISABLED,DISABLED,2079,500,2100,DISABLED,DISABLED,2078,500,2100,DISABLED,DISABLED,2084,500,2100,DISABLED,DISABLED,2074,500,2100,DISABLED,DISABLED,2075,500,2100,DISABLED,DISABLED,2078,500,2100,DISABLED,DISABLED,1500,900,1500,N/A,DISABLED,53,914,1680,N/A,ENABLED,53,914,1680,N/A,ENABLED,53,914,1680,N/A,ENABLED,53,914,1680,N/A,ENABLED,44,711,1400,N/A,ENABLED,44,711,1400,N/A,ENABLED,44,711,1400,N/A,ENABLED,44,711,1400,N/A,ENABLED,N/A,64,66
1744599598,0,582,N/A,N/A,N/A,N/A,ENABLED,2069,500,2100,DISABLED,DISABLED,2057,500,2100,DISABLED,DISABLED,2079,500,2100,DISABLED,DISABLED,2078,500,2100,DISABLED,DISABLED,2084,500,2100,DISABLED,DISABLED,2074,500,2100,DISABLED,DISABLED,2076,500,2100,DISABLED,DISABLED,2077,500,2100,DISABLED,DISABLED,1500,900,1500,N/A,DISABLED,53,914,1680,N/A,ENABLED,53,914,1680,N/A,ENABLED,53,914,1680,N/A,ENABLED,53,914,1680,N/A,ENABLED,44,711,1400,N/A,ENABLED,44,711,1400,N/A,ENABLED,44,711,1400,N/A,ENABLED,44,711,1400,N/A,ENABLED,N/A,64,66
1744599599,0,584,N/A,N/A,N/A,N/A,ENABLED,2069,500,2100,DISABLED,DISABLED,2057,500,2100,DISABLED,DISABLED,2079,500,2100,DISABLED,DISABLED,2078,500,2100,DISABLED,DISABLED,2083,500,2100,DISABLED,DISABLED,2074,500,2100,DISABLED,DISABLED,2076,500,2100,DISABLED,DISABLED,2077,500,2100,DISABLED,DISABLED,1500,900,1500,N/A,DISABLED,53,914,1680,N/A,ENABLED,53,914,1680,N/A,ENABLED,53,914,1680,N/A,ENABLED,53,914,1680,N/A,ENABLED,44,711,1400,N/A,ENABLED,44,711,1400,N/A,ENABLED,44,711,1400,N/A,ENABLED,44,711,1400,N/A,ENABLED,N/A,64,66
1744599601,0,584,N/A,N/A,N/A,N/A,ENABLED,2069,500,2100,DISABLED,DISABLED,2057,500,2100,DISABLED,DISABLED,2079,500,2100,DISABLED,DISABLED,2078,500,2100,DISABLED,DISABLED,2084,500,2100,DISABLED,DISABLED,2073,500,2100,DISABLED,DISABLED,2076,500,2100,DISABLED,DISABLED,2076,500,2100,DISABLED,DISABLED,1500,900,1500,N/A,DISABLED,53,914,1680,N/A,ENABLED,53,914,1680,N/A,ENABLED,53,914,1680,N/A,ENABLED,53,914,1680,N/A,ENABLED,44,711,1400,N/A,ENABLED,44,711,1400,N/A,ENABLED,44,711,1400,N/A,ENABLED,44,711,1400,N/A,ENABLED,N/A,65,66
1744599602,0,582,N/A,N/A,N/A,N/A,ENABLED,2068,500,2100,DISABLED,DISABLED,2057,500,2100,DISABLED,DISABLED,2079,500,2100,DISABLED,DISABLED,2078,500,2100,DISABLED,DISABLED,2084,500,2100,DISABLED,DISABLED,2073,500,2100,DISABLED,DISABLED,2076,500,2100,DISABLED,DISABLED,2077,500,2100,DISABLED,DISABLED,1500,900,1500,N/A,DISABLED,53,914,1680,N/A,ENABLED,53,914,1680,N/A,ENABLED,53,914,1680,N/A,ENABLED,53,914,1680,N/A,ENABLED,44,711,1400,N/A,ENABLED,44,711,1400,N/A,ENABLED,44,711,1400,N/A,ENABLED,44,711,1400,N/A,ENABLED,N/A,65,66
1744599603,0,584,N/A,N/A,N/A,N/A,ENABLED,2069,500,2100,DISABLED,DISABLED,2057,500,2100,DISABLED,DISABLED,2079,500,2100,DISABLED,DISABLED,2078,500,2100,DISABLED,DISABLED,2084,500,2100,DISABLED,DISABLED,2073,500,2100,DISABLED,DISABLED,2076,500,2100,DISABLED,DISABLED,2076,500,2100,DISABLED,DISABLED,1500,900,1500,N/A,DISABLED,53,914,1680,N/A,ENABLED,53,914,1680,N/A,ENABLED,53,914,1680,N/A,ENABLED,53,914,1680,N/A,ENABLED,44,711,1400,N/A,ENABLED,44,711,1400,N/A,ENABLED,44,711,1400,N/A,ENABLED,44,711,1400,N/A,ENABLED,N/A,65,67
1744599604,0,582,N/A,N/A,N/A,N/A,ENABLED,2069,500,2100,DISABLED,DISABLED,2057,500,2100,DISABLED,DISABLED,2079,500,2100,DISABLED,DISABLED,2078,500,2100,DISABLED,DISABLED,2084,500,2100,DISABLED,DISABLED,2073,500,2100,DISABLED,DISABLED,2076,500,2100,DISABLED,DISABLED,2076,500,2100,DISABLED,DISABLED,1500,900,1500,N/A,DISABLED,53,914,1680,N/A,ENABLED,53,914,1680,N/A,ENABLED,53,914,1680,N/A,ENABLED,53,914,1680,N/A,ENABLED,44,711,1400,N/A,ENABLED,44,711,1400,N/A,ENABLED,44,711,1400,N/A,ENABLED,44,711,1400,N/A,ENABLED,N/A,65,66
1744599605,0,583,N/A,N/A,N/A,N/A,ENABLED,2069,500,2100,DISABLED,DISABLED,2057,500,2100,DISABLED,DISABLED,2079,500,2100,DISABLED,DISABLED,2078,500,2100,DISABLED,DISABLED,2084,500,2100,DISABLED,DISABLED,2073,500,2100,DISABLED,DISABLED,2075,500,2100,DISABLED,DISABLED,2077,500,2100,DISABLED,DISABLED,1500,900,1500,N/A,DISABLED,53,914,1680,N/A,ENABLED,53,914,1680,N/A,ENABLED,53,914,1680,N/A,ENABLED,53,914,1680,N/A,ENABLED,44,711,1400,N/A,ENABLED,44,711,1400,N/A,ENABLED,44,711,1400,N/A,ENABLED,44,711,1400,N/A,ENABLED,N/A,65,67
1744599606,0,583,N/A,N/A,N/A,N/A,ENABLED,2069,500,2100,DISABLED,DISABLED,2057,500,2100,DISABLED,DISABLED,2079,500,2100,DISABLED,DISABLED,2078,500,2100,DISABLED,DISABLED,2084,500,2100,DISABLED,DISABLED,2073,500,2100,DISABLED,DISABLED,2075,500,2100,DISABLED,DISABLED,2077,500,2100,DISABLED,DISABLED,1500,900,1500,N/A,DISABLED,53,914,1680,N/A,ENABLED,53,914,1680,N/A,ENABLED,53,914,1680,N/A,ENABLED,53,914,1680,N/A,ENABLED,44,711,1400,N/A,ENABLED,44,711,1400,N/A,ENABLED,44,711,1400,N/A,ENABLED,44,711,1400,N/A,ENABLED,N/A,65,66
1744599608,0,318,N/A,N/A,N/A,N/A,ENABLED,947,500,2100,DISABLED,DISABLED,944,500,2100,DISABLED,DISABLED,950,500,2100,DISABLED,DISABLED,957,500,2100,DISABLED,DISABLED,952,500,2100,DISABLED,DISABLED,951,500,2100,DISABLED,DISABLED,951,500,2100,DISABLED,DISABLED,954,500,2100,DISABLED,DISABLED,1500,900,1500,N/A,DISABLED,53,914,1680,N/A,ENABLED,53,914,1680,N/A,ENABLED,53,914,1680,N/A,ENABLED,53,914,1680,N/A,ENABLED,44,711,1400,N/A,ENABLED,44,711,1400,N/A,ENABLED,44,711,1400,N/A,ENABLED,44,711,1400,N/A,ENABLED,N/A,64,60
1744599609,0,135,N/A,N/A,N/A,N/A,ENABLED,135,500,2100,DISABLED,ENABLED,131,500,2100,DISABLED,ENABLED,131,500,2100,DISABLED,ENABLED,132,500,2100,DISABLED,ENABLED,132,500,2100,DISABLED,ENABLED,132,500,2100,DISABLED,ENABLED,131,500,2100,DISABLED,ENABLED,132,500,2100,DISABLED,ENABLED,900,900,1500,N/A,DISABLED,29,914,1680,N/A,ENABLED,29,914,1680,N/A,ENABLED,29,914,1680,N/A,ENABLED,29,914,1680,N/A,ENABLED,22,711,1400,N/A,ENABLED,22,711,1400,N/A,ENABLED,22,711,1400,N/A,ENABLED,22,711,1400,N/A,ENABLED,N/A,60,56
1744599610,0,134,N/A,N/A,N/A,N/A,ENABLED,133,500,2100,DISABLED,ENABLED,131,500,2100,DISABLED,ENABLED,131,500,2100,DISABLED,ENABLED,132,500,2100,DISABLED,ENABLED,132,500,2100,DISABLED,ENABLED,132,500,2100,DISABLED,ENABLED,131,500,2100,DISABLED,ENABLED,132,500,2100,DISABLED,ENABLED,900,900,1500,N/A,DISABLED,29,914,1680,N/A,ENABLED,29,914,1680,N/A,ENABLED,29,914,1680,N/A,ENABLED,29,914,1680,N/A,ENABLED,22,711,1400,N/A,ENABLED,22,711,1400,N/A,ENABLED,22,711,1400,N/A,ENABLED,22,711,1400,N/A,ENABLED,N/A,58,56
1744599611,0,133,N/A,N/A,N/A,N/A,ENABLED,133,500,2100,DISABLED,ENABLED,131,500,2100,DISABLED,ENABLED,131,500,2100,DISABLED,ENABLED,132,500,2100,DISABLED,ENABLED,132,500,2100,DISABLED,ENABLED,132,500,2100,DISABLED,ENABLED,131,500,2100,DISABLED,ENABLED,132,500,2100,DISABLED,ENABLED,900,900,1500,N/A,DISABLED,29,914,1680,N/A,ENABLED,29,914,1680,N/A,ENABLED,29,914,1680,N/A,ENABLED,29,914,1680,N/A,ENABLED,22,711,1400,N/A,ENABLED,22,711,1400,N/A,ENABLED,22,711,1400,N/A,ENABLED,22,711,1400,N/A,ENABLED,N/A,56,55
1744599612,0,133,N/A,N/A,N/A,N/A,ENABLED,132,500,2100,DISABLED,ENABLED,131,500,2100,DISABLED,ENABLED,131,500,2100,DISABLED,ENABLED,132,500,2100,DISABLED,ENABLED,132,500,2100,DISABLED,ENABLED,132,500,2100,DISABLED,ENABLED,131,500,2100,DISABLED,ENABLED,132,500,2100,DISABLED,ENABLED,900,900,1500,N/A,DISABLED,29,914,1680,N/A,ENABLED,29,914,1680,N/A,ENABLED,29,914,1680,N/A,ENABLED,29,914,1680,N/A,ENABLED,22,711,1400,N/A,ENABLED,22,711,1400,N/A,ENABLED,22,711,1400,N/A,ENABLED,22,711,1400,N/A,ENABLED,N/A,56,54
1744599614,0,132,N/A,N/A,N/A,N/A,ENABLED,132,500,2100,DISABLED,ENABLED,131,500,2100,DISABLED,ENABLED,131,500,2100,DISABLED,ENABLED,132,500,2100,DISABLED,ENABLED,132,500,2100,DISABLED,ENABLED,132,500,2100,DISABLED,ENABLED,131,500,2100,DISABLED,ENABLED,132,500,2100,DISABLED,ENABLED,900,900,1500,N/A,DISABLED,29,914,1680,N/A,ENABLED,29,914,1680,N/A,ENABLED,29,914,1680,N/A,ENABLED,29,914,1680,N/A,ENABLED,22,711,1400,N/A,ENABLED,22,711,1400,N/A,ENABLED,22,711,1400,N/A,ENABLED,22,711,1400,N/A,ENABLED,N/A,55,54
1744599615,0,132,N/A,N/A,N/A,N/A,ENABLED,132,500,2100,DISABLED,ENABLED,131,500,2100,DISABLED,ENABLED,131,500,2100,DISABLED,ENABLED,132,500,2100,DISABLED,ENABLED,132,500,2100,DISABLED,ENABLED,132,500,2100,DISABLED,ENABLED,131,500,2100,DISABLED,ENABLED,132,500,2100,DISABLED,ENABLED,900,900,1500,N/A,DISABLED,29,914,1680,N/A,ENABLED,29,914,1680,N/A,ENABLED,29,914,1680,N/A,ENABLED,29,914,1680,N/A,ENABLED,22,711,1400,N/A,ENABLED,22,711,1400,N/A,ENABLED,22,711,1400,N/A,ENABLED,22,711,1400,N/A,ENABLED,N/A,55,54
1744599616,0,132,N/A,N/A,N/A,N/A,ENABLED,132,500,2100,DISABLED,ENABLED,131,500,2100,DISABLED,ENABLED,131,500,2100,DISABLED,ENABLED,132,500,2100,DISABLED,ENABLED,132,500,2100,DISABLED,ENABLED,132,500,2100,DISABLED,ENABLED,131,500,2100,DISABLED,ENABLED,132,500,2100,DISABLED,ENABLED,900,900,1500,N/A,DISABLED,29,914,1680,N/A,ENABLED,29,914,1680,N/A,ENABLED,29,914,1680,N/A,ENABLED,29,914,1680,N/A,ENABLED,22,711,1400,N/A,ENABLED,22,711,1400,N/A,ENABLED,22,711,1400,N/A,ENABLED,22,711,1400,N/A,ENABLED,N/A,55,53
1744599617,0,132,N/A,N/A,N/A,N/A,ENABLED,132,500,2100,DISABLED,ENABLED,131,500,2100,DISABLED,ENABLED,131,500,2100,DISABLED,ENABLED,132,500,2100,DISABLED,ENABLED,132,500,2100,DISABLED,ENABLED,132,500,2100,DISABLED,ENABLED,131,500,2100,DISABLED,ENABLED,132,500,2100,DISABLED,ENABLED,900,900,1500,N/A,DISABLED,29,914,1680,N/A,ENABLED,29,914,1680,N/A,ENABLED,29,914,1680,N/A,ENABLED,29,914,1680,N/A,ENABLED,22,711,1400,N/A,ENABLED,22,711,1400,N/A,ENABLED,22,711,1400,N/A,ENABLED,22,711,1400,N/A,ENABLED,N/A,54,53
